Temp_Max,Temp_Avg,Temp_Min,Drew_Point_Max,Drew_Point_Avg,Drew_Point_Min,Humidity_Max,Humidity_Avg,Humidity_Min,Wind_Speed_Max,Wind_Speed_Avg,Wind_Speed_Min,Pressure_Max,Pressure_Avg,Pressure_Min,Power
90,80.1,66,63,57.9,54,83,49.1,29,9,3.8,0,29.2,23.7,0.0,1603.3875396957
91,79.1,68,64,59.5,55,83,54.1,29,7,1.6,0,29.3,18.4,0.0,2709.867432294
91,78.1,66,63,60.1,55,88,56.5,31,6,1.5,0,29.3,22.6,0.0,2605.1778657729
91,78.9,66,64,62.2,59,88,58.3,38,39,2.1,0,29.2,28.4,0.0,2601.7826190345
86,75.5,66,64,62.9,61,88,65.4,48,12,4.3,0,29.2,23.1,0.0,2352.6638091792
88,77.6,66,63,59.4,55,73,55.5,33,9,3.7,0,29.2,26.4,0.0,2413.3075830369003
88,76.5,66,64,61.8,57,88,62.1,38,7,2.0,0,29.2,12.5,0.0,2015.1954283725
86,74.3,0,70,62.2,0,88,65.3,0,6,1.7,0,29.3,17.3,0.0,2286.1165014171
79,70.1,66,66,62.1,59,100,76.3,51,17,7.2,0,29.5,26.4,0.0,1786.4580599217
82,73.0,63,61,56.7,52,88,59.7,35,16,5.2,0,29.2,19.2,0.0,2078.9522818812
84,74.6,64,61,57.6,54,83,57.6,37,7,4.0,0,29.2,10.2,0.0,2540.4592212945
86,73.2,64,61,54.8,48,83,55.6,27,9,3.8,0,29.3,11.7,0.0,2565.925920261
84,71.4,63,59,53.7,45,83,58.6,25,8,2.5,0,29.3,17.8,0.0,2458.7598569886004
86,73.0,0,61,52.8,0,82,51.0,0,8,2.7,0,29.3,25.3,0.0,2513.5796481741
81,70.5,63,61,55.6,48,83,62.8,32,10,4.3,0,29.2,16.8,0.0,2031.40504908
81,72.6,63,61,56.6,54,88,59.3,42,7,4.3,0,29.2,21.1,0.0,1696.7334980772
84,72.0,61,59,55.0,50,88,58.2,30,9,3.8,0,29.3,19.2,0.0,2368.2063313557
86,73.8,63,61,55.5,50,83,56.4,29,8,2.9,0,29.2,20.1,0.0,2189.4963277572
73,67.7,64,81,62.8,59,94,79.7,0,23,7.8,0,29.2,27.5,0.0,1885.6041344514
79,69.7,63,63,57.5,54,94,67.5,44,12,7.5,3,29.3,18.7,0.0,2577.206025108
81,69.9,59,55,49.7,37,77,53.1,23,10,5.7,0,29.4,16.5,0.0,2795.3144324127
81,67.8,57,55,50.5,41,88,57.9,24,7,1.6,0,29.3,18.1,0.0,2807.2597505139
82,68.9,55,55,49.9,41,82,54.6,23,6,1.5,0,29.2,13.3,0.0,2684.6242886925
82,68.8,55,54,48.5,43,88,52.4,26,7,1.6,0,29.3,21.3,0.0,2573.6046253335003
82,65.1,52,52,45.3,37,88,54.9,20,8,2.7,0,29.3,15.7,0.0,2530.3111687557
81,64.3,0,54,45.6,0,88,53.8,0,9,3.1,0,29.4,22.6,0.0,2620.6672838445
81,65.4,52,54,47.6,41,88,57.9,24,8,2.1,0,29.3,21.6,0.0,2586.8946212505
81,63.9,50,52,47.7,39,94,61.5,24,9,1.6,0,29.3,19.5,0.0,2238.7342110606
81,65.6,50,55,47.6,37,94,58.8,21,7,1.8,0,29.3,24.2,0.0,2389.7384596008
81,65.3,50,54,47.8,39,94,59.7,23,9,1.9,0,29.4,21.8,0.0,2374.8109264341
72,64.7,57,52,50.6,48,77,61.1,43,3,0.2,0,29.3,29.3,29.2,2380.9832694252
79,63.8,48,52,47.9,46,93,60.6,32,7,1.8,0,29.3,24.1,0.0,2212.4743370928004
77,61.2,0,54,45.6,0,88,57.0,0,8,1.8,0,29.3,19.0,0.0,2227.0964824251
75,63.1,50,54,49.5,45,88,63.9,36,6,0.8,0,29.2,22.8,0.0,2040.6655001898
77,60.9,0,52,46.4,0,94,61.5,0,8,1.8,0,29.2,14.6,0.0,2179.8210358188
77,63.7,48,50,46.5,41,87,57.5,29,7,1.9,0,29.3,21.9,0.0,2293.4031236919
77,61.7,48,50,47.1,43,93,62.5,29,8,1.9,0,29.3,22.4,0.0,2319.9605171424
77,62.8,48,54,47.2,39,88,61.0,27,8,1.9,0,29.2,18.8,0.0,2124.4180576905
73,59.0,0,52,47.9,0,87,65.1,0,8,3.4,0,29.2,25.8,0.0,1999.1560931793
77,63.9,50,54,49.4,46,88,62.3,34,9,4.3,0,29.2,22.8,0.0,1854.5964882687
79,67.2,50,54,50.3,48,94,57.7,36,7,1.5,0,29.2,21.9,0.0,2145.1649875326
81,65.8,50,54,50.4,46,87,60.2,32,7,2.2,0,29.3,18.9,0.0,2077.6674993921
81,65.1,0,52,46.8,0,87,53.3,0,10,4.7,0,29.3,21.2,0.0,2061.9884660562
81,63.9,50,52,46.5,41,87,57.7,24,9,3.2,0,29.3,25.4,0.0,2074.0129351821
79,61.7,50,50,45.7,37,94,61.0,23,6,1.6,0,29.3,14.6,0.0,2034.0331543422
81,65.8,52,52,46.0,39,88,54.2,23,6,0.8,0,29.3,10.0,0.0,1795.6065239343
79,64.4,52,52,47.7,43,88,58.6,28,6,1.6,0,29.4,18.6,0.0,2030.45296905
79,60.8,0,50,41.2,0,87,51.0,0,9,3.4,0,29.3,12.3,0.0,2229.5851963407003
77,64.4,50,50,44.8,34,88,54.2,22,7,1.3,0,29.3,24.6,0.0,2139.9209528994
77,61.8,48,50,44.6,37,87,58.2,24,7,1.4,0,29.3,23.8,0.0,2213.587265472
75,58.6,45,205,48.1,36,87,60.2,0,5,0.7,0,29.3,20.9,0.0,1978.4474138088
73,55.8,0,46,38.5,0,87,55.9,0,7,1.6,0,29.4,18.2,0.0,2306.7259948854003
73,56.8,41,45,38.7,34,93,56.3,25,8,2.5,0,29.4,15.6,0.0,1989.4407430293
70,56.9,41,43,38.4,30,93,55.1,24,10,1.9,0,29.4,25.2,0.0,2108.5130969298
64,54.2,41,46,41.4,39,93,64.5,40,18,5.1,0,29.3,21.8,0.0,2071.4528227239
61,53.3,45,48,44.1,39,87,71.4,55,9,5.4,0,29.3,25.4,0.0,1917.2698722639
66,54.4,41,50,44.4,39,93,70.1,52,6,2.1,0,29.4,25.0,0.0,1891.8608573007
66,54.2,43,52,45.7,39,93,74.3,52,8,2.9,0,29.4,12.3,0.0,1634.8985070858
63,52.1,41,50,45.9,41,100,80.5,59,10,2.7,0,29.5,23.0,0.0,1936.6987568742
54,46.4,41,48,44.5,41,100,93.7,77,7,2.7,0,29.4,11.9,0.0,1326.5384359095
48,44.9,41,46,42.4,37,100,90.7,81,6,2.2,0,29.5,11.4,0.0,1287.5569204608
54,44.6,39,45,40.9,36,100,87.2,72,6,2.8,0,29.4,19.6,0.0,1006.6575353472
50,42.7,0,45,40.6,0,100,87.6,0,6,2.4,0,29.4,17.6,0.0,1153.9307702439
50,45.9,41,45,42.1,39,100,86.5,81,6,2.8,0,29.3,28.0,0.0,1390.4051004756
59,49.6,39,84,46.0,37,100,84.8,0,6,2.3,0,29.3,20.1,0.0,1085.9521964247
57,49.4,41,50,45.9,41,100,88.7,72,5,2.0,0,29.4,23.5,0.0,1292.0015910879
57,46.4,0,48,44.2,0,100,90.9,0,9,3.3,0,29.4,18.4,0.0,1583.0540752752
57,47.2,41,48,44.2,41,100,90.1,63,7,2.7,0,29.4,22.3,0.0,1675.0318053447002
50,44.6,39,48,43.7,39,100,96.6,82,7,3.6,0,29.3,22.3,0.0,2508.7759586406
55,46.2,41,48,43.9,41,100,91.9,71,6,1.8,0,29.4,7.3,0.0,1444.2303929031
55,44.0,0,50,42.8,0,100,94.1,0,6,1.7,0,29.4,8.8,0.0,1007.8050738888
54,44.7,0,48,42.3,0,100,90.1,0,5,1.8,0,29.3,10.7,0.0,1302.5733423813
55,51.7,48,48,47.1,45,93,85.0,77,5,1.3,0,29.4,16.0,0.0,2033.9200083312
70,56.9,41,48,44.4,39,93,65.8,43,13,5.0,0,29.4,26.4,0.0,1852.4020645152
73,56.2,41,52,43.0,34,100,67.2,23,7,3.2,0,29.4,21.2,0.0,2047.7767981473
63,51.6,0,57,49.2,0,100,89.8,0,7,3.1,0,29.4,20.0,0.0,2076.8313301263
63,52.5,46,52,48.4,46,100,87.7,55,6,2.5,0,29.4,13.1,0.0,385.4870300556
54,48.7,45,48,46.0,43,100,91.2,77,699,20.4,0,29.4,20.7,0.0,1515.7385192862002
57,49.9,43,50,47.5,41,100,92.0,77,7,3.0,0,29.3,24.5,0.0,1304.0571714192
55,50.5,45,50,47.6,45,100,90.7,82,6,1.4,0,29.3,22.1,0.0,1267.1293380174
57,51.3,46,50,47.4,45,94,86.4,77,7,2.1,0,29.4,27.0,0.0,361.7883159462
55,47.2,0,50,44.0,0,94,86.5,0,6,2.9,0,29.4,15.3,0.0,1555.5831626313
55,48.4,43,46,43.3,41,100,83.0,67,5,2.7,0,29.4,21.1,0.0,1455.6478844655
54,47.6,41,48,45.5,41,100,93.6,82,7,1.7,0,29.4,25.1,0.0,1853.4867611139
57,48.8,41,84,46.3,41,100,87.8,0,8,4.5,0,29.4,25.0,0.0,2036.3238315387
55,48.3,0,50,45.1,0,100,86.5,0,9,6.6,0,29.3,25.0,0.0,738.0625660848
57,51.7,46,50,48.0,45,100,87.4,77,13,5.6,0,29.4,22.1,0.0,2006.6427608337003
66,53.8,43,50,44.5,39,93,73.0,49,9,3.7,0,29.4,15.0,0.0,1874.6506453158
70,56.9,45,48,44.1,39,93,65.1,38,9,4.2,0,29.4,19.1,0.0,2136.5471980116
70,56.4,0,46,42.3,0,87,61.3,0,8,2.9,0,29.4,25.5,0.0,2525.0624690643
70,57.8,45,46,42.1,37,87,60.0,31,12,3.8,0,29.4,18.0,0.0,2364.0114685077
70,56.8,45,46,43.7,41,87,63.9,35,8,1.5,0,29.4,17.6,0.0,2365.6274192727
59,49.3,0,50,45.4,0,100,84.7,0,12,5.0,0,29.4,15.6,0.0,2128.0445149194
59,50.3,0,50,45.1,0,94,81.2,0,16,9.3,5,29.4,26.8,0.0,437.9002460217
63,51.8,0,52,44.7,0,93,75.4,0,8,5.3,0,29.4,20.9,0.0,869.4493641108
61,54.0,46,50,47.4,41,93,78.6,68,8,3.4,0,29.4,20.5,0.0,2412.4052998188004
64,54.1,45,48,45.1,41,87,72.8,52,9,3.6,0,29.4,15.0,0.0,1538.1644272929
57,50.8,46,48,47.3,45,100,89.0,72,7,4.0,0,29.4,10.8,0.0,1372.0290448392
57,50.4,0,46,43.6,0,87,74.7,0,7,3.5,0,29.5,26.7,0.0,441.6661336923
57,49.7,41,50,44.9,41,100,83.9,63,9,3.2,0,29.4,19.6,0.0,1938.8234234259
64,52.9,41,41,35.5,30,87,56.6,28,9,4.5,0,29.4,25.6,0.0,2756.4136915788004
66,52.6,0,43,36.0,0,87,55.3,0,10,2.4,0,29.4,19.1,0.0,2758.1324009283003
68,54.1,43,43,35.0,25,81,53.9,20,13,4.9,0,29.4,17.9,0.0,2488.0481916048
68,56.1,41,43,36.2,27,87,51.9,23,9,3.6,0,29.4,26.3,0.0,2612.8066366017
68,56.6,45,48,43.0,39,87,63.2,35,9,4.7,0,29.3,18.3,0.0,1523.9057005359
63,57.0,48,55,49.6,43,94,77.2,55,14,6.7,0,29.4,28.6,0.0,917.297950437
63,54.8,0,55,50.9,0,100,85.5,0,15,5.8,0,29.5,15.9,0.0,2607.5065672557
70,56.0,0,50,46.0,0,100,70.4,0,14,7.4,0,29.5,17.0,0.0,2319.7495483305
72,58.2,0,46,38.4,0,87,51.4,0,9,3.1,0,30.2,22.5,0.0,2436.8180568534
68,58.1,46,84,47.7,43,87,65.9,0,6,2.0,0,29.4,23.1,0.0,2338.0897102002
70,58.1,46,48,45.6,43,88,65.4,40,12,5.3,0,29.4,25.4,0.0,1332.4735647531002
72,59.9,48,50,46.6,45,87,63.8,41,9,5.8,0,29.4,20.0,0.0,2875.4054096031
70,58.5,48,48,45.1,41,87,63.6,35,5,2.0,0,29.4,19.3,0.0,3055.3581002868
75,62.3,50,48,44.3,41,82,55.0,29,8,3.5,0,29.4,21.9,0.0,2391.9763258512003
73,61.0,0,52,45.8,0,88,57.9,0,9,2.4,0,29.3,21.3,0.0,2964.6935925948
75,63.1,50,50,45.9,37,82,57.1,25,13,4.3,0,29.3,21.9,0.0,3006.4031405991004
79,64.6,50,50,45.0,39,87,53.3,26,7,1.9,0,29.2,16.0,0.0,2676.8482370388
79,65.8,54,55,50.0,45,88,59.5,30,8,4.4,0,29.2,16.1,0.0,2917.8579431034
82,68.7,54,55,51.0,46,82,56.6,28,8,3.7,0,29.2,23.0,0.0,2049.9570350622
72,63.4,57,64,55.2,54,100,75.8,53,25,12.2,3,29.2,23.3,0.0,1988.220649536
73,65.6,57,57,55.0,37,82,69.8,35,9,4.8,0,29.2,26.3,0.0,2462.7006651753
75,65.7,57,61,55.8,52,82,70.9,53,10,5.0,0,29.2,19.6,0.0,2314.3977840456
70,62.6,57,61,53.4,50,82,71.9,56,20,9.3,0,29.2,18.4,0.0,1701.3262800006005
63,57.9,0,57,51.7,0,100,78.8,0,17,9.2,0,29.3,25.7,0.0,2825.4296853486003
73,61.6,0,55,50.8,0,100,67.2,0,12,7.8,3,29.3,18.6,0.0,2602.3176536643005
77,66.1,55,59,54.9,52,88,68.1,41,12,6.0,0,29.3,13.6,0.0,1979.7487009641
77,68.2,59,64,58.7,50,88,72.3,50,9,2.8,0,29.3,24.9,0.0,1620.1353964752
72,65.6,61,64,59.6,55,88,81.3,73,17,8.2,0,29.2,19.4,0.0,1259.1964970442
75,65.4,57,59,51.5,39,94,64.2,31,33,12.9,0,29.1,26.0,0.0,3522.2724745362
72,62.5,54,55,42.5,34,77,51.5,25,9,4.0,0,29.2,27.8,0.0,3459.5716566708
73,61.9,48,48,44.7,37,93,57.0,27,8,2.6,0,29.2,19.5,0.0,3464.2704637431
73,62.5,50,50,45.3,41,82,55.8,31,9,4.8,0,29.3,24.3,0.0,2119.1419350189
61,58.0,55,55,52.5,48,100,82.1,63,23,8.8,0,29.2,18.3,0.0,509.6017989513
63,58.9,55,55,53.6,50,100,83.0,68,14,7.4,0,29.2,25.7,0.0,3254.4397692279
66,56.5,0,54,50.5,0,100,79.2,0,8,2.2,0,29.3,25.1,0.0,3096.6906628449
73,61.7,50,52,48.5,46,88,65.3,38,9,3.8,0,29.2,23.0,0.0,3099.1057263837
63,56.9,0,57,51.5,0,94,80.1,0,16,8.0,0,29.3,22.3,0.0,1783.8498766077
73,61.2,48,54,47.9,45,93,64.7,38,9,5.4,0,29.4,20.8,0.0,3541.1033253222004
61,58.3,55,55,53.0,50,94,81.9,72,12,5.8,0,29.5,24.9,0.0,2359.8449698626
68,57.5,50,55,49.2,46,94,75.7,49,24,11.5,0,29.3,19.9,0.0,2819.3057074611
64,54.8,43,48,45.7,43,93,70.8,0,9,3.8,0,29.5,22.7,0.0,3784.6318412331
75,62.6,50,50,45.4,43,77,56.1,34,12,5.6,0,29.4,26.6,0.0,3831.1856282304
79,66.4,52,52,45.5,39,82,51.4,24,7,3.4,0,29.4,21.8,0.0,3731.0640724764
79,67.7,57,52,48.5,43,82,53.5,28,8,3.1,0,29.4,20.2,0.0,3677.8588007832
79,66.1,54,55,51.3,46,94,62.4,32,6,1.9,0,29.3,18.8,0.0,3434.3972263557
75,65.6,55,59,55.0,52,88,69.3,53,13,4.0,0,29.3,17.7,0.0,2260.1116295406
75,66.0,57,64,56.8,54,100,74.1,50,18,10.1,0,29.2,27.9,0.0,1551.0801317319
68,61.9,55,57,54.5,52,94,77.5,56,13,7.7,0,29.4,18.1,0.0,3043.2929224896
73,64.9,54,55,52.6,50,94,65.8,47,12,5.7,0,29.4,24.6,0.0,3310.9241831622003
79,68.9,55,55,49.3,43,88,53.2,28,12,6.0,0,29.2,22.2,0.0,3691.5463315764
81,70.3,57,57,53.9,50,82,59.1,34,10,3.8,0,29.3,21.6,0.0,3076.4868795936
84,72.5,61,61,55.4,50,82,57.4,32,8,3.0,0,29.3,21.1,0.0,3793.0165716861
86,75.3,61,63,58.4,55,83,58.2,35,10,3.1,0,29.3,24.8,0.0,3619.7424321399
90,77.3,64,61,56.8,52,83,52.4,27,15,6.5,0,29.2,23.3,0.0,3284.2699682463
93,77.2,0,63,56.0,0,78,49.5,0,8,4.3,0,29.1,15.9,0.0,3941.827697501101
93,79.8,66,64,60.3,57,78,53.7,30,30,3.7,0,29.2,22.9,0.0,3620.317995647101
90,78.0,66,63,57.7,45,78,52.3,31,28,8.3,0,29.3,27.1,0.0,3714.8091197481
91,79.2,64,61,56.1,48,78,49.0,24,7,2.6,0,29.2,18.8,0.0,3319.5587736663
91,79.9,66,61,57.0,52,78,48.5,26,9,4.4,0,29.3,22.4,0.0,3735.8153793675
95,81.9,68,68,59.3,54,73,49.5,25,24,4.3,0,29.2,22.9,0.0,3498.1046760726
77,69.9,64,63,59.9,57,83,70.7,57,22,13.1,3,29.1,16.5,0.0,3055.2586653303
77,66.2,0,63,58.1,0,100,73.6,0,20,8.4,0,29.2,22.9,0.0,3884.6303643807
75,68.8,61,64,60.7,55,83,76.0,65,9,5.9,0,29.2,18.1,0.0,3542.6549210877
73,67.0,0,68,60.0,0,88,75.9,0,12,6.0,0,29.1,17.3,0.0,3062.685693573
81,66.8,59,63,55.4,50,88,70.0,39,15,10.7,5,29.0,15.6,0.0,1909.3315700646
81,69.9,64,63,60.7,57,88,73.0,51,12,5.4,0,29.0,19.3,0.0,3480.4631308986
82,72.4,61,61,57.8,55,83,61.9,42,10,4.7,0,28.9,21.9,0.0,4214.8716171606
86,73.8,61,61,58.1,55,88,60.5,37,9,5.7,0,29.1,15.2,0.0,3713.004628344
77,70.8,64,61,58.7,55,88,66.2,54,13,5.0,0,29.1,21.3,0.0,3291.9478638651003
72,67.6,63,63,58.7,57,88,73.8,60,13,5.8,0,29.2,18.7,0.0,4108.269007933201
84,72.5,59,59,55.5,52,88,58.5,33,7,2.6,0,29.2,24.1,0.0,4323.7719377622
90,75.1,0,57,53.8,0,77,48.9,0,8,3.8,0,29.2,19.4,0.0,4334.5319229234
91,78.0,0,59,54.5,0,78,45.5,0,9,3.9,0,29.1,23.1,0.0,4114.8650934567
90,80.8,70,63,60.2,59,73,51.5,36,13,3.6,0,29.1,23.7,0.0,3373.3318401585
93,80.7,68,68,58.4,50,73,50.0,23,18,3.5,0,29.2,19.2,0.0,4151.7901781136
93,81.5,70,64,59.0,54,73,49.1,28,9,3.9,0,29.2,20.5,0.0,4120.2116091972
93,81.9,70,64,61.6,57,78,51.8,31,9,4.8,0,29.3,20.3,0.0,4232.098326951
95,83.8,70,66,62.5,59,78,51.2,30,21,4.2,0,29.2,20.1,0.0,3951.165287054701
79,73.4,68,66,62.9,61,88,70.1,54,29,10.3,0,29.4,29.3,29.2,3888.2088896013
93,79.1,0,66,60.6,0,88,54.0,0,10,3.4,0,29.2,22.6,0.0,3908.3821181262
99,85.2,73,66,62.4,55,78,49.7,24,10,4.4,0,29.0,27.1,0.0,4199.4449497737005
100,87.4,75,66,59.8,54,73,42.2,21,21,7.8,0,29.0,22.9,0.0,3371.9880521646
99,85.7,72,63,57.3,46,69,41.4,17,17,11.1,3,29.0,25.8,0.0,4217.145782612401
100,86.2,72,63,52.5,39,69,36.4,12,12,6.7,0,29.1,22.2,0.0,4320.1608169203
100,86.9,72,57,51.5,41,57,33.0,13,10,4.6,0,29.0,22.2,0.0,4333.6668299265
102,89.0,73,59,50.9,43,53,30.4,13,9,3.4,0,29.0,22.0,0.0,4606.7815855512
104,90.2,77,61,52.6,45,57,31.0,13,8,2.7,0,29.0,26.5,0.0,4460.2021629
104,91.3,75,61,52.4,43,61,30.1,13,8,4.1,0,29.0,25.1,0.0,4044.0091855086
97,86.4,75,61,57.7,54,57,39.3,25,21,10.2,6,29.1,21.6,0.0,3818.2758382593
97,85.8,75,63,60.6,57,65,43.8,28,25,11.5,5,29.0,23.2,0.0,3828.0274144299
100,86.0,0,63,55.7,0,54,36.0,0,12,6.8,0,29.0,24.7,0.0,4002.669030987
100,90.1,77,63,55.8,50,61,33.5,21,8,3.2,0,29.0,21.9,0.0,4067.6873147955
86,76.2,0,61,54.0,0,65,46.1,0,36,15.4,0,29.1,25.8,0.0,3900.2451341931
97,83.6,68,61,53.2,45,73,40.0,17,13,6.4,0,29.1,23.8,0.0,4514.1385808079
99,87.2,73,59,49.9,39,53,30.5,14,10,5.5,0,29.1,29.0,29.0,4299.1221010716
102,89.3,73,61,53.6,48,57,32.5,17,14,3.3,0,29.1,24.6,0.0,4009.1494975983
104,90.9,75,61,53.4,48,50,30.2,15,7,2.3,0,29.1,20.4,0.0,4103.8939628478
106,92.6,79,63,54.9,45,57,30.8,13,10,5.0,0,29.0,19.9,0.0,4413.106383651901
109,94.9,81,63,56.5,48,54,30.0,14,10,3.2,0,28.9,26.7,0.0,4279.3157348667
109,96.0,81,64,56.7,46,58,29.4,12,12,5.7,0,28.9,25.0,0.0,4208.2200618975
109,93.7,0,61,52.2,0,45,25.4,0,10,5.6,0,28.9,25.7,0.0,4403.7557201088
106,94.2,82,64,58.5,50,54,32.5,16,16,7.0,0,28.9,26.0,0.0,3378.3653656467
106,92.9,81,59,56.0,55,45,29.8,19,20,7.8,0,28.9,21.9,0.0,3334.3457671359
100,86.2,0,70,58.9,0,83,41.4,0,21,8.5,0,29.1,26.2,0.0,1855.6737518979
91,80.4,73,68,65.2,63,78,61.7,41,17,7.3,0,29.0,22.2,0.0,4467.9205141065
93,81.8,70,72,66.3,64,83,61.3,41,12,4.8,0,29.1,23.3,0.0,4575.002599252801
95,80.9,73,68,63.1,48,78,56.5,29,36,8.2,0,29.1,26.1,0.0,4185.006044373
95,82.6,70,66,61.4,57,78,51.2,28,10,5.9,0,29.1,24.4,0.0,4225.049406369
100,89.0,75,64,61.7,57,65,41.8,25,9,4.8,0,29.0,23.3,0.0,4340.369530945801
102,87.4,0,68,58.9,0,61,36.8,0,25,7.4,0,28.9,18.0,0.0,4273.9463727774
104,91.0,79,64,60.4,55,57,38.4,20,18,6.8,0,28.9,24.0,0.0,4099.983849432901
104,92.7,81,64,60.9,55,54,36.1,21,17,8.1,5,28.9,24.9,0.0,2950.9234234722003
108,92.1,0,63,54.1,0,54,29.9,0,14,5.5,0,28.9,26.4,0.0,4590.0653502825
109,97.8,81,63,55.5,46,51,26.9,12,9,4.2,0,28.9,26.0,0.0,4686.0384421026
109,97.3,84,64,55.1,48,48,26.8,13,13,3.5,0,28.8,25.7,0.0,4802.216153852701
111,97.2,84,61,53.5,46,37,24.7,12,15,5.2,0,28.8,25.1,0.0,4440.7444991778
108,96.0,84,64,54.8,50,48,27.0,15,15,9.8,0,28.8,25.6,0.0,4470.5514681927
109,96.8,84,57,53.8,50,37,24.7,16,22,8.0,0,28.8,23.5,0.0,4251.1330183905
106,92.7,81,57,45.0,30,45,22.9,8,20,10.0,0,28.9,25.5,0.0,5215.932167499267
108,93.6,79,59,44.0,30,39,20.7,7,10,3.4,0,28.9,23.8,0.0,4562.3006427537
106,94.6,84,63,54.3,50,40,26.6,16,14,7.3,0,28.9,24.4,0.0,1784.7574024896
106,90.2,0,66,56.3,0,51,30.9,0,16,8.2,0,28.9,23.3,0.0,4579.0304438043
108,96.8,82,59,54.5,48,45,26.0,14,10,5.7,0,28.9,25.8,0.0,4280.8025806524
104,91.9,77,70,56.9,52,78,32.7,18,41,9.7,0,29.0,24.4,0.0,4525.3287073566
99,83.0,0,70,57.8,0,74,41.4,0,20,7.8,3,28.9,23.9,0.0,4324.7014819173
95,85.5,77,64,58.9,43,57,41.9,25,18,8.3,0,29.0,25.2,0.0,4638.9891992004
90,79.6,73,66,62.4,59,69,56.2,36,17,6.5,0,29.0,25.0,0.0,4500.2337224229
88,79.4,73,64,62.4,59,69,56.4,38,14,5.3,0,29.0,22.8,0.0,4520.9016066555005
95,85.2,72,64,60.8,57,78,45.8,28,17,6.6,0,29.0,24.6,0.0,4168.7060151033
102,90.2,75,64,58.6,52,69,36.9,18,35,4.7,0,28.9,24.9,0.0,4589.7119385282
108,94.7,81,64,58.0,50,58,32.5,15,9,3.2,0,28.9,26.9,0.0,4693.3151214807
109,93.2,0,64,59.0,0,51,31.8,0,17,6.0,0,28.9,23.4,0.0,4559.1250399101
109,96.5,81,64,60.7,55,58,33.0,17,15,7.1,0,28.9,26.5,0.0,4370.7912626763
108,92.4,79,72,67.1,64,74,45.8,28,32,10.8,0,29.0,26.8,0.0,3044.0134728432004
100,88.2,72,70,62.4,55,83,46.6,22,10,6.0,0,28.9,27.6,0.0,3948.172487127
108,95.5,82,70,65.3,63,58,38.8,23,10,4.5,0,28.8,26.2,0.0,4416.0424697664
99,91.3,84,75,65.7,59,74,44.2,27,48,11.8,0,28.8,24.1,0.0,4447.8398591847
97,86.6,72,73,65.8,63,100,52.5,32,30,11.3,6,28.9,26.0,0.0,3135.6144544329
99,86.1,72,72,67.2,64,100,54.9,37,21,7.5,0,28.9,24.9,0.0,3536.9815270779004
104,92.4,79,70,64.4,59,74,43.0,23,9,3.9,0,28.9,19.8,0.0,3998.9270249775
106,95.8,84,70,66.9,64,58,40.4,26,12,3.4,0,28.8,23.5,0.0,4366.3707174285
109,97.3,86,70,67.8,64,58,39.5,23,52,5.8,0,28.8,23.7,0.0,4280.124933414
109,100.7,90,72,69.9,68,52,37.4,27,8,3.9,0,28.8,22.3,0.0,4479.4643317380005
100,93.0,77,73,70.7,68,78,48.6,37,28,15.0,0,28.9,22.0,0.0,4431.7781320824
99,88.3,75,73,70.6,68,83,57.5,39,16,7.0,3,28.8,26.2,0.0,3852.2507826033
104,93.7,81,73,70.5,68,74,48.5,31,10,4.8,0,28.8,19.3,0.0,4074.7223722986
91,82.7,75,82,72.3,68,100,72.2,46,63,10.6,0,28.8,27.6,0.0,2800.2049331058
84,79.9,77,75,72.6,70,83,78.1,70,18,7.0,0,28.7,8.8,0.0,1221.3666550701
97,85.6,73,72,69.0,64,94,59.9,34,8,4.2,0,28.7,20.7,0.0,4630.3702684074005
100,90.3,77,72,67.4,64,78,48.7,32,9,4.0,0,28.7,24.1,0.0,4195.8963900216
104,91.0,0,72,68.8,0,74,47.7,0,10,3.7,0,28.8,24.4,0.0,4340.3553956169
108,99.3,88,73,70.2,66,55,39.6,26,17,4.4,0,28.8,13.7,0.0,4429.2359864907
104,88.3,77,75,70.6,68,78,57.3,37,51,10.7,0,28.9,21.2,0.0,4158.8788504626
95,83.8,72,75,71.1,68,88,66.3,49,12,5.9,0,28.9,21.3,0.0,2556.2916223119
97,87.5,0,77,71.8,0,84,58.8,0,7,4.2,0,28.9,19.9,0.0,4078.2496584357
99,90.6,82,79,74.0,72,79,59.4,44,21,6.3,0,28.9,17.3,0.0,4335.0091074774
100,91.0,81,79,75.5,73,79,61.6,44,10,4.2,0,28.8,20.4,0.0,4345.4310223896
102,91.6,0,79,74.7,0,84,57.4,0,12,6.3,0,28.8,20.5,0.0,4422.5748602244
106,96.7,88,81,76.3,73,70,53.1,40,13,6.0,0,28.7,26.8,0.0,4202.9568096813
93,86.8,77,77,72.3,66,94,63.6,41,20,9.5,5,28.8,15.5,0.0,3899.275593790501
91,83.4,75,77,74.8,73,94,76.6,59,14,4.2,0,28.8,25.2,0.0,2121.4240361226
95,87.6,81,79,76.5,75,84,70.3,56,85,7.3,0,28.8,18.4,0.0,4281.2913537999
97,88.1,82,81,77.4,75,79,70.8,59,15,5.3,0,28.8,25.3,0.0,3924.4418053137
91,83.9,77,77,75.7,73,94,76.8,63,59,11.5,0,28.8,20.4,0.0,3587.1859456884
90,82.9,77,79,75.4,73,94,79.2,66,16,10.0,6,28.9,23.1,0.0,3546.3054054681
86,77.2,0,79,73.5,0,100,86.5,0,66,7.5,0,28.9,19.4,0.0,3061.1768005467
86,79.5,0,77,74.0,0,94,81.8,0,12,4.5,0,28.9,26.1,0.0,4050.9000730242
93,86.6,79,81,78.8,77,94,77.5,63,7,3.0,0,28.8,18.2,0.0,4284.3086606925
102,93.0,82,82,79.5,77,84,65.4,50,12,5.4,0,28.7,23.8,0.0,4451.5861215507
106,94.3,84,86,81.1,75,84,66.0,51,14,7.2,0,28.7,16.8,0.0,4255.098595011
88,81.1,75,79,74.7,73,100,82.4,66,25,9.1,0,28.8,28.2,0.0,3961.0890903177
86,77.5,0,81,73.8,0,100,84.7,0,16,6.5,3,28.8,22.6,0.0,3897.759801513601
97,88.3,79,79,77.6,75,94,71.8,53,9,6.0,0,28.8,26.5,0.0,4309.0941552021
90,83.5,77,79,76.6,75,94,80.4,66,14,6.5,0,28.8,21.6,0.0,3974.354531462701
93,85.4,81,82,78.4,72,94,79.7,66,28,7.5,0,28.9,21.3,0.0,4450.4762558751
88,82.7,79,79,76.5,73,94,81.9,70,12,5.3,0,28.9,25.3,0.0,4391.1109600677
93,84.1,79,81,78.1,75,94,82.9,66,15,5.8,0,28.9,22.1,0.0,3148.6274662491
93,83.1,79,81,77.3,75,94,83.3,67,13,5.9,0,28.9,18.0,0.0,3839.4560345922
95,82.4,0,81,74.9,0,89,74.6,0,12,3.6,0,28.8,25.0,0.0,1705.2300937683
91,84.2,52,81,77.8,50,100,81.6,66,22,7.4,0,29.5,19.2,0.0,3893.3053527555
95,88.9,82,79,77.9,75,89,70.3,59,12,7.1,0,28.9,28.0,0.0,3515.5827759591
93,87.2,82,79,76.3,73,89,70.7,55,14,8.4,3,28.8,16.5,0.0,3711.6224877303
93,88.5,82,77,75.6,75,79,66.3,56,62,9.6,5,28.8,25.9,0.0,2719.1998917864003
93,87.5,81,79,76.2,75,84,69.6,59,12,7.7,0,28.8,28.1,0.0,2045.4527840472
88,83.3,79,77,76.5,73,89,80.1,70,15,9.5,0,28.8,24.4,0.0,936.0677382705
86,81.7,79,81,77.6,75,100,88.0,74,17,10.6,6,28.9,25.1,0.0,2531.3970080421
88,77.9,0,79,73.8,0,100,83.1,0,15,9.5,6,28.9,22.2,0.0,2519.3600510265
91,84.0,77,79,76.8,75,94,79.4,66,10,6.3,0,28.9,24.6,0.0,3931.1143853553
95,87.0,79,81,78.5,72,94,76.4,47,9,4.2,0,28.9,22.5,0.0,3477.9109045428004
95,86.7,81,82,80.5,79,94,81.7,63,10,5.3,0,28.8,22.3,0.0,2924.0430696477
97,88.8,82,84,80.7,79,94,77.1,60,8,5.1,0,28.8,23.0,0.0,4268.0295967419
91,86.2,82,82,79.5,77,89,80.0,66,9,6.8,0,28.8,19.7,0.0,4236.802869024
93,86.4,81,82,79.7,77,94,80.8,66,13,8.1,3,28.9,22.6,0.0,4151.9418248484
93,84.7,70,81,79.3,77,94,81.5,0,10,6.7,3,28.8,24.4,0.0,4167.4094994015
95,88.4,81,82,80.5,79,94,77.4,63,8,5.4,0,28.9,20.5,0.0,4124.04772626
99,87.9,82,84,79.1,73,94,75.7,56,16,5.4,0,28.9,25.4,0.0,4026.2875833708
90,84.4,81,79,76.4,68,94,77.7,55,13,6.6,3,29.0,21.2,0.0,4106.3535215109005
97,88.3,82,82,79.7,79,94,75.7,59,9,4.7,0,28.9,12.4,0.0,3343.5039993696
95,88.4,82,79,78.5,75,84,72.6,59,9,5.3,0,28.9,28.9,28.8,3240.3835504062
97,87.6,82,81,79.2,75,89,76.6,56,12,5.5,3,28.9,21.2,0.0,2657.3545315548004
97,87.0,79,81,76.1,73,84,71.3,47,14,3.8,0,28.9,28.9,28.8,3289.1024793627
100,90.9,84,82,79.4,77,84,70.1,50,6,2.8,0,28.9,18.8,0.0,4209.2344848906005
91,85.5,77,82,76.3,45,94,75.3,26,25,6.3,0,28.9,28.3,0.0,4236.187755759301
97,88.9,81,81,78.2,75,84,71.9,53,12,5.1,0,28.9,24.2,0.0,4232.4610351716
97,89.2,81,82,79.2,77,94,72.9,56,9,5.5,0,28.8,25.0,0.0,4182.9716014713
93,81.2,73,82,75.5,72,100,84.5,56,21,7.2,0,28.9,22.0,0.0,3742.3699344603
91,82.3,73,79,75.3,72,94,79.7,63,7,3.5,0,28.9,25.9,0.0,3705.1350839712
91,83.7,79,81,75.5,72,94,76.8,62,14,5.2,0,28.9,17.3,0.0,3841.4200305195
99,86.8,77,79,74.5,70,83,67.6,50,8,4.3,0,28.9,24.5,0.0,4060.803198355201
100,90.2,82,79,76.1,73,84,64.5,44,9,4.5,0,28.9,18.4,0.0,3553.2771180192003
100,90.9,82,81,77.5,73,84,65.4,50,7,4.2,0,28.9,28.2,0.0,3893.4631633392
100,92.0,82,81,77.7,72,79,63.2,44,23,6.3,0,28.9,26.1,0.0,3778.3875238362
100,88.8,79,73,71.0,68,78,57.1,37,10,3.9,0,28.9,28.3,0.0,3879.0790409547
100,90.8,82,77,73.7,70,84,59.1,39,10,4.0,0,28.9,25.6,0.0,3813.6240300312
100,91.4,84,77,75.2,72,79,60.3,42,10,4.2,0,28.9,25.8,0.0,3992.885589696301
100,90.1,77,75,71.2,68,78,55.3,35,9,4.5,0,28.9,27.4,0.0,3742.0747736427
102,90.0,81,77,74.4,70,79,61.8,35,7,3.6,0,28.9,18.2,0.0,3578.8594081284
100,91.3,82,77,74.5,72,79,59.3,39,12,4.4,0,28.9,23.1,0.0,3895.8786273033
99,88.5,81,75,73.4,72,84,62.6,42,9,4.3,0,29.0,26.5,0.0,3827.229044898601
99,87.3,79,75,72.8,72,83,63.8,44,6,1.8,0,29.1,24.6,0.0,3957.7428907236
100,89.7,72,73,70.8,68,94,55.0,35,13,5.5,0,29.1,21.4,0.0,3955.5999546723
99,88.0,77,73,67.0,37,70,51.2,19,13,4.6,0,29.1,22.8,0.0,3979.9355610663
99,89.4,79,75,69.0,54,83,53.8,32,10,3.9,0,29.0,23.5,0.0,3988.2927331764
100,90.2,82,75,71.7,68,74,55.7,42,15,5.0,0,29.0,23.3,0.0,3861.1528278048
100,91.1,77,70,66.5,63,78,46.7,30,8,4.2,0,29.0,19.8,0.0,4042.4980017708
100,89.5,79,73,71.3,70,74,55.6,39,12,3.5,0,29.1,23.5,0.0,3840.911343918
100,91.4,81,73,69.9,66,74,50.5,35,7,3.4,0,29.1,28.3,0.0,3807.6925217859
99,89.8,81,77,71.3,68,70,55.5,37,12,3.1,0,29.1,17.8,0.0,3685.2060281949
100,90.2,81,73,71.3,68,79,55.4,37,8,4.4,0,29.1,24.9,0.0,3838.903861716
100,89.7,81,75,72.5,70,79,58.4,37,7,3.3,0,29.0,19.5,0.0,3922.8890431203
100,90.7,81,77,73.5,70,79,58.9,37,9,4.9,0,29.0,24.7,0.0,3607.2306718866
99,83.0,66,79,71.0,64,100,68.6,44,36,7.8,0,29.0,22.9,0.0,3501.5937584562
93,82.9,72,73,68.9,66,88,64.2,44,7,3.7,0,29.0,22.0,0.0,3704.6538599895
95,86.0,79,75,73.2,70,89,67.3,47,8,4.1,0,29.0,24.9,0.0,3487.1728337523
91,85.5,79,75,73.9,73,84,69.2,55,9,3.4,0,29.0,23.9,0.0,3015.4464127656
88,81.1,77,79,73.9,72,94,79.9,66,21,4.9,0,29.0,23.7,0.0,3312.2774257452
82,79.4,75,91,72.9,70,83,77.1,0,9,4.5,0,28.9,23.0,0.0,815.8141029456001
91,73.4,70,75,71.9,68,100,94.9,52,100,12.6,0,28.9,24.2,0.0,2560.0854747402004
86,77.2,72,73,70.6,70,94,80.3,62,12,4.5,0,29.1,26.9,0.0,3515.2256922057
88,80.1,72,75,71.9,70,94,76.6,55,12,2.3,0,29.0,10.1,0.0,3254.3922181518
90,82.6,73,75,71.5,68,89,69.6,52,7,2.7,0,28.9,17.6,0.0,3545.1984908736003
91,82.9,75,73,71.2,68,83,68.3,49,12,4.3,0,29.0,22.4,0.0,3421.2583402965
90,81.3,77,81,71.7,66,94,73.7,55,17,3.6,0,29.1,15.4,0.0,3426.1405521750003
93,82.2,72,72,70.2,66,88,67.9,41,7,1.7,0,29.1,21.0,0.0,3452.9438963844004
93,81.7,73,72,66.5,59,94,62.0,38,17,7.6,0,29.3,18.8,0.0,3379.4458849503003
95,82.7,72,66,64.3,59,73,55.8,32,9,5.3,0,29.2,26.3,0.0,3446.7056977518
99,85.3,75,68,63.9,59,73,50.9,29,7,2.0,0,29.2,28.4,0.0,3514.4653026384003
97,85.0,73,70,66.3,63,78,55.6,32,8,2.3,0,29.2,24.7,0.0,3589.8984672903
99,85.2,73,70,66.1,61,83,55.6,30,7,2.9,0,29.1,16.1,0.0,3105.1342095345003
93,82.5,73,72,70.2,66,88,67.2,41,8,4.5,0,29.1,13.0,0.0,3283.6856266368004
93,83.8,73,72,68.1,64,83,60.5,38,7,2.4,0,29.2,22.0,0.0,3112.6993603299
97,85.0,73,72,68.8,66,88,59.9,37,5,1.8,0,29.2,22.6,0.0,3358.0671090318
97,87.3,79,72,65.2,57,78,50.2,28,8,3.8,0,29.1,23.0,0.0,3154.7117170899
97,84.6,73,68,64.0,57,78,53.0,28,8,2.1,0,29.1,24.7,0.0,3223.6885251549
97,84.3,73,70,66.0,64,78,56.4,34,7,3.6,0,29.0,26.7,0.0,3296.6691714198
95,83.2,73,72,67.8,66,78,60.9,41,7,4.2,0,29.0,23.1,0.0,3172.5680350617004
93,83.0,73,72,69.0,66,78,63.6,44,9,5.7,0,29.1,14.5,0.0,2797.1102012535
95,84.7,75,73,69.8,54,83,62.3,26,6,2.9,0,29.1,15.0,0.0,2916.5833152126
93,83.1,75,73,71.7,68,94,69.8,44,8,3.6,0,29.2,22.6,0.0,3072.4350823782
82,77.4,73,72,68.1,63,89,73.3,58,23,6.7,0,29.3,12.6,0.0,2939.4411805143
91,78.2,68,64,62.7,57,83,61.1,31,8,3.5,0,29.3,21.0,0.0,2908.0859880402
90,78.1,0,66,63.3,0,88,60.3,0,109,5.3,0,29.3,24.4,0.0,2669.2388733879
91,81.5,72,68,65.1,57,83,59.1,38,8,3.1,0,29.2,22.9,0.0,2766.0606012369
91,81.2,72,72,67.3,63,88,64.2,46,7,4.0,0,29.3,22.1,0.0,2904.4421933868
81,76.5,70,70,63.4,50,88,64.9,41,16,8.6,0,29.3,18.8,0.0,2344.3754308326
88,75.6,66,68,62.4,59,83,64.5,43,12,4.9,0,29.2,21.4,0.0,3025.0315882116
90,77.3,66,64,61.0,59,83,58.7,38,10,3.8,0,29.2,20.3,0.0,3098.6844835419
90,78.4,66,63,59.1,55,83,54.0,33,108,5.0,0,29.2,21.5,0.0,2919.1449799314
90,79.3,66,61,59.5,55,83,53.3,35,8,2.4,0,29.2,21.3,0.0,2794.7850581871003
95,77.5,66,64,59.4,54,88,57.3,28,7,2.5,0,29.2,16.8,0.0,2271.6629866458
75,69.5,63,66,62.4,57,88,78.1,61,16,8.3,0,29.3,24.7,0.0,953.9921850624
84,70.4,59,63,59.0,55,88,69.2,42,70,8.6,0,29.4,21.5,0.0,2905.0632886374
82,72.0,63,66,55.4,48,94,58.6,30,12,6.4,0,29.3,19.8,0.0,3058.9345280934
82,71.2,61,57,52.3,46,77,54.5,28,10,4.9,0,29.5,21.3,0.0,3119.2752729996005
84,70.4,59,59,56.5,54,94,64.8,35,5,1.5,0,29.3,22.8,0.0,3024.3597920613
93,72.3,59,59,56.2,54,82,59.0,30,9,2.1,0,29.4,25.8,0.0,2867.738857335
84,74.5,63,59,55.6,50,78,54.1,30,9,2.6,0,29.4,19.5,0.0,2543.930601003
84,73.7,61,59,55.1,50,88,55.6,30,10,1.9,0,29.4,26.6,0.0,2319.7849346232
82,72.2,61,61,57.1,55,88,60.9,42,6,1.5,0,29.4,25.3,0.0,2208.4010013087
84,71.5,61,61,58.0,54,88,64.7,35,6,1.2,0,29.3,24.8,0.0,2210.3362548234
75,68.3,63,61,59.6,55,83,74.0,57,9,5.5,0,29.2,23.5,0.0,2478.1845492756
79,68.1,61,61,55.9,54,88,67.3,42,18,7.3,0,29.2,27.3,0.0,2431.2038166702
79,69.1,61,55,52.8,50,77,57.4,36,9,4.7,0,29.2,25.7,0.0,2545.8698997171005
81,69.4,59,59,53.3,48,88,59.4,32,6,2.0,0,29.3,28.6,0.0,2415.148111629
79,69.6,57,57,54.4,50,94,60.6,36,6,1.7,0,29.4,20.7,0.0,2438.9933963175
75,66.0,57,61,57.3,54,94,74.3,53,9,2.9,0,29.4,29.3,29.2,1742.905915641
77,65.2,0,57,53.5,0,88,65.8,0,8,4.6,0,29.3,27.3,0.0,2270.2827835809003
81,67.9,57,55,52.8,48,88,61.1,32,8,5.6,0,29.3,28.6,0.0,1690.2228150918002
81,67.4,0,59,53.9,0,88,62.2,0,7,1.8,0,29.3,24.7,0.0,2108.7636551388
81,67.6,0,57,54.3,0,88,63.3,0,10,3.3,0,29.3,25.4,0.0,1810.1139776379
81,69.8,59,57,54.4,52,88,60.1,37,9,3.9,0,29.2,27.9,0.0,2219.4256803345
82,69.9,61,59,55.0,50,88,62.3,32,8,2.7,0,29.2,29.2,29.1,2086.7696374536004
81,69.7,57,54,50.8,48,88,53.5,32,13,7.2,0,29.2,25.9,0.0,2650.428752697
79,67.7,57,52,49.1,45,77,53.7,30,12,3.2,0,29.2,22.4,0.0,2461.804762626
81,66.2,52,52,48.1,45,94,56.4,28,10,2.1,0,29.3,26.1,0.0,2447.3890059894
82,66.7,52,54,47.6,41,88,55.4,23,7,1.7,0,29.4,28.0,0.0,2566.3352870133003
77,67.0,54,55,50.6,45,88,59.1,32,7,1.3,0,29.4,28.0,0.0,2394.8159605425003
81,67.0,55,55,50.4,45,88,59.1,28,7,1.5,0,29.3,18.7,0.0,2297.8702632204004
81,67.6,55,54,50.2,45,88,56.8,28,5,0.6,0,29.3,25.3,0.0,2146.4084789532003
77,64.6,54,54,49.9,46,88,62.4,34,6,1.3,0,29.3,28.1,0.0,2061.4742868654
77,63.9,52,52,49.2,46,88,61.5,36,9,3.5,0,29.4,26.8,0.0,2126.5776631737
79,66.1,52,52,47.4,39,88,54.9,24,12,3.8,0,29.3,29.2,29.2,2025.4239181539
77,65.1,54,52,46.9,45,82,54.2,32,16,4.5,0,29.2,28.5,0.0,2276.5074238368
75,63.0,52,50,47.4,45,88,59.9,34,12,5.2,0,29.2,29.2,29.1,2343.4480278693
75,63.1,50,52,47.9,45,88,61.4,34,9,3.7,0,29.3,28.6,0.0,2406.3847541712003
75,64.6,52,54,50.0,46,88,61.0,38,5,1.8,0,29.4,29.3,29.3,1873.7720922789
75,65.0,59,70,53.9,48,88,66.7,0,5,1.2,0,29.4,27.3,0.0,1999.4390561079
75,64.4,54,54,52.3,50,88,65.8,44,5,0.4,0,29.3,21.9,0.0,1922.4091590363005
73,62.2,54,61,55.1,52,94,78.6,53,108,4.0,0,29.3,27.4,0.0,1561.7774274102
75,64.2,52,54,50.4,46,94,63.9,36,12,3.6,0,29.4,26.3,0.0,2256.4310700294
79,62.4,0,54,47.8,0,88,60.2,0,7,1.2,0,29.2,26.8,0.0,2211.663846447
77,64.4,52,54,50.6,48,88,63.2,36,6,1.6,0,29.3,26.1,0.0,2059.3863205938
77,64.3,54,54,51.8,50,94,65.9,41,6,1.9,0,29.3,28.6,0.0,1822.726025208
68,59.1,52,61,55.0,50,100,86.8,68,6,1.6,0,29.4,25.6,0.0,1573.5062746359
73,59.5,50,57,54.7,50,100,86.0,53,5,0.9,0,29.3,27.3,0.0,1310.0250505221002
66,57.6,0,55,52.7,0,100,82.3,0,10,5.6,0,29.3,25.2,0.0,1455.4811886219
70,62.8,57,57,54.7,54,94,75.8,56,14,7.3,0,29.2,25.1,0.0,1314.4189646016
68,59.7,54,54,48.8,46,88,68.8,49,12,5.6,0,29.2,28.5,0.0,2391.4723321863003
68,58.3,48,48,45.5,34,87,65.5,40,53,6.5,0,29.2,24.6,0.0,2187.8782715196
68,55.5,43,48,43.4,39,88,65.7,43,10,3.1,0,29.3,27.2,0.0,2287.6230559248
70,56.4,43,48,43.6,39,87,64.7,37,8,2.5,0,29.4,29.3,29.2,2178.2107187775
68,55.2,43,45,41.0,37,87,61.4,40,12,2.9,0,29.3,25.7,0.0,2275.720335801
70,56.5,43,45,40.6,37,87,58.7,31,6,1.2,0,29.3,26.6,0.0,2191.2276708135
66,55.7,46,46,44.3,41,87,66.3,45,7,1.9,0,29.3,26.8,0.0,2043.1664649198
66,55.2,43,46,42.3,39,87,63.8,43,9,2.4,0,29.4,20.5,0.0,2172.5557454205
72,56.4,43,46,41.9,37,87,61.6,33,7,2.0,0,29.4,26.8,0.0,2138.7389691789
66,55.8,43,48,42.0,37,93,62.3,40,8,2.3,0,29.4,21.5,0.0,1969.8805861119
68,53.4,41,43,39.2,36,87,61.7,35,5,0.7,0,29.4,9.4,0.0,2032.8701695335003
66,55.3,45,50,45.1,39,87,69.5,52,5,1.3,0,29.4,23.1,0.0,1820.5344362304
63,52.1,43,45,42.3,37,87,70.3,48,18,3.5,0,29.4,26.2,0.0,1551.9995103987
63,51.8,41,45,39.8,36,87,66.4,37,12,5.3,0,29.5,27.4,0.0,2294.2405302795
64,51.6,37,43,38.0,34,93,63.2,37,14,3.1,0,29.5,29.4,29.2,2127.8440671543
66,54.4,39,41,35.4,30,87,53.0,26,9,3.1,0,29.4,27.3,0.0,1548.7519329315
70,55.0,41,46,38.9,36,87,58.2,31,10,2.5,0,29.4,26.9,0.0,1622.2107937266
73,58.8,45,46,42.3,39,87,57.2,31,9,3.5,0,29.5,27.5,0.0,1824.6072614913
75,59.0,45,48,42.5,37,87,58.7,27,12,3.5,0,29.4,29.3,29.3,2046.4245712746
73,60.0,46,48,45.5,41,93,62.2,31,7,2.0,0,29.4,28.7,0.0,2011.5678113586
75,43.1,0,48,33.5,0,88,49.9,0,7,1.6,0,29.4,29.4,29.3,1936.9688460804
70,57.5,45,48,44.9,41,87,64.6,40,7,1.5,0,29.4,26.8,0.0,2216.9388532203
70,55.3,45,50,44.7,39,87,69.3,43,7,1.0,0,29.5,29.4,29.4,1963.73595033
66,56.0,45,52,47.9,41,87,74.8,56,8,1.7,0,29.4,26.5,0.0,1804.9465453338
63,52.9,0,52,44.1,0,93,71.3,0,8,3.7,0,29.4,26.8,0.0,1790.9427351816
72,58.3,46,50,45.4,41,88,65.1,38,8,3.7,0,29.4,26.1,0.0,1715.9479687152
70,58.1,46,52,46.3,39,82,66.0,46,7,2.3,0,29.3,21.1,0.0,1479.7197919053
72,58.8,46,52,48.8,43,93,71.2,46,6,2.0,0,29.4,25.1,0.0,1763.2097388972002
72,58.2,46,50,45.9,43,88,66.6,35,12,4.7,0,29.4,27.5,0.0,2199.2026357224
72,58.7,46,48,44.6,41,87,62.6,35,9,3.6,0,29.3,27.4,0.0,2089.3113997173
72,56.8,46,46,44.0,41,87,64.5,35,6,0.6,0,29.3,18.8,0.0,1942.4784208401
68,56.7,46,48,45.5,41,87,67.5,46,7,2.0,0,29.4,20.1,0.0,1935.4007011086
66,55.7,50,50,47.5,45,100,75.8,49,21,9.3,0,29.3,27.5,0.0,1736.6025096486
64,54.5,43,50,46.2,41,94,74.7,59,8,3.5,0,29.3,26.8,0.0,2347.9026782013
61,52.5,43,55,49.7,41,100,90.1,77,6,2.9,0,29.3,28.7,0.0,1833.1860427056
57,51.1,46,52,48.1,45,100,90.2,82,7,4.5,0,29.3,26.9,0.0,1223.0578683675
63,51.5,45,55,46.7,41,100,83.8,63,8,3.0,0,29.2,28.6,0.0,2058.9616153854
57,50.9,45,52,47.3,43,100,88.0,72,7,2.8,0,29.3,25.6,0.0,2311.3419555204
54,47.8,43,46,43.7,41,93,85.7,76,9,3.8,0,29.3,29.2,29.2,1820.9970518157
57,48.6,39,48,43.8,37,93,84.0,67,7,2.4,0,29.3,27.4,0.0,1720.9977689817
52,46.7,43,46,43.0,41,93,86.8,76,7,2.5,0,29.4,29.3,29.3,1322.1761204718
54,47.5,41,46,42.4,37,93,83.1,72,7,2.6,0,29.4,27.5,0.0,542.3487426819
48,45.8,43,43,41.1,39,87,83.5,76,6,3.7,0,29.4,29.4,29.3,1407.1924299114
52,46.1,41,43,40.4,37,87,80.8,66,7,3.3,0,29.4,28.0,0.0,1347.3751798287
52,43.9,0,45,40.1,0,93,84.2,0,7,2.8,0,29.4,28.1,0.0,685.3638612546
50,44.4,39,41,39.1,34,93,82.3,66,6,2.9,0,29.4,26.8,0.0,452.1944118879
57,47.7,41,48,43.0,37,100,84.9,67,7,2.6,0,29.3,24.4,0.0,1637.0693867682
66,54.2,43,52,46.0,41,93,75.0,52,7,1.7,0,29.3,29.2,29.2,2158.4467383039
70,57.0,45,52,47.3,41,87,71.8,49,9,3.0,0,29.3,26.4,0.0,1636.7117383683
59,56.3,54,55,53.5,50,94,89.8,77,12,4.9,0,29.4,23.6,0.0,1056.7724414247
68,57.0,0,55,48.5,0,88,71.6,0,10,5.4,0,29.3,20.1,0.0,2208.7762885683
68,59.5,52,50,47.4,46,88,66.5,46,10,4.1,0,29.3,22.6,0.0,2664.9100225935003
70,57.7,45,46,43.2,41,87,61.0,35,7,2.1,0,29.4,24.9,0.0,2723.301780606
72,58.7,45,48,44.5,41,87,62.1,35,8,1.9,0,29.4,25.6,0.0,2803.0776914745
72,60.0,45,48,42.9,37,87,58.0,29,12,4.2,0,29.4,23.3,0.0,2678.7788248419
73,60.5,46,46,40.5,34,87,51.8,25,10,3.9,0,29.3,18.7,0.0,2958.4088178678003
75,64.7,54,46,43.5,39,77,48.9,27,8,3.1,0,29.3,17.6,0.0,2777.8242275289003
70,59.8,48,50,46.4,45,87,63.5,40,7,2.4,0,29.2,21.7,0.0,2806.1029189908
70,59.8,50,54,49.8,45,88,70.6,53,7,2.2,0,29.3,23.8,0.0,2449.7575442901
72,59.8,46,52,49.1,45,93,69.6,46,6,1.5,0,29.4,26.8,0.0,2526.8910246459
72,59.9,46,50,46.2,43,100,63.9,41,6,1.5,0,29.3,23.5,0.0,2478.4048982979
70,58.6,46,54,49.5,45,100,73.5,49,10,4.8,0,29.2,27.3,0.0,2540.8403036676
64,58.1,52,50,47.0,45,82,67.9,52,15,8.6,5,29.2,28.3,0.0,2545.7033413053
66,55.6,45,48,44.3,41,87,67.5,46,9,4.6,0,29.3,21.6,0.0,2576.5959849498004
68,57.5,46,46,44.4,41,87,63.4,37,6,2.0,0,29.3,19.1,0.0,2732.6815754436
72,58.2,46,45,39.8,32,82,54.3,23,8,3.3,0,29.4,19.7,0.0,2692.8608934744
72,60.8,48,48,43.8,37,82,55.3,41,9,3.9,0,29.4,14.3,0.0,2775.8732711787
73,60.3,46,46,42.4,39,81,53.7,31,8,2.4,0,29.4,28.8,0.0,3063.5744677461003
72,60.7,45,45,41.0,36,87,51.9,27,6,2.1,0,29.4,19.8,0.0,3065.3311728501003
77,62.5,48,48,44.6,39,87,55.6,26,7,3.0,0,29.4,27.4,0.0,2969.4005209935003
68,61.6,55,57,52.3,48,88,72.0,63,8,4.4,0,29.4,21.5,0.0,1377.2575231074
75,65.5,57,59,50.2,39,94,62.6,29,16,6.8,0,29.3,29.2,29.2,3295.8581169987
77,66.8,54,52,47.8,45,88,53.7,32,13,6.9,0,29.3,27.9,0.0,3308.285615877
81,67.1,54,50,47.6,46,82,53.1,30,15,7.8,0,29.3,24.9,0.0,3324.2644541799
81,66.9,52,50,46.4,41,88,51.6,24,10,5.3,0,29.2,24.5,0.0,3437.4341423268
79,65.3,52,54,48.9,45,82,57.6,34,13,5.2,0,29.2,28.5,0.0,3538.1715198489
79,68.0,57,59,53.4,48,82,61.1,44,8,4.3,0,29.5,23.8,0.0,3187.7743430808
79,66.4,55,55,52.4,50,82,62.8,41,7,2.2,0,29.4,26.9,0.0,2958.2879628258
79,67.8,55,59,55.0,50,88,65.1,42,7,2.4,0,29.4,22.9,0.0,2953.5030803223003
81,68.9,55,59,55.8,52,88,65.2,44,7,2.1,0,29.4,26.4,0.0,2977.4707068645
82,68.5,55,59,54.9,54,94,64.6,39,6,2.0,0,29.4,19.0,0.0,2581.8077068839
82,70.8,57,61,57.7,52,94,65.2,45,7,1.5,0,29.3,21.0,0.0,2567.9570431284
82,71.3,59,61,58.0,55,94,65.6,42,7,1.6,0,29.3,20.1,0.0,2600.6825293119
79,70.5,61,61,55.7,54,83,61.2,42,18,4.9,0,29.4,29.3,29.2,2925.2657806614
84,71.8,61,77,59.1,54,88,65.8,42,23,5.1,0,29.2,25.0,0.0,2091.5689924404
77,67.5,61,59,56.8,55,88,69.8,47,13,6.2,0,29.2,25.9,0.0,2447.1110122767
75,67.0,57,57,53.9,50,77,63.8,47,20,7.1,0,29.3,18.4,0.0,1749.2484201093
81,68.8,57,57,53.4,48,77,59.5,42,10,5.4,0,29.3,26.6,0.0,3331.1234315997
82,71.1,59,57,54.8,52,77,58.4,37,9,3.5,0,29.2,20.5,0.0,3405.4312020894004
84,73.0,61,57,54.8,52,77,55.2,33,9,3.2,0,29.2,26.4,0.0,3263.124577442401
84,73.8,63,61,55.8,52,83,55.5,33,10,4.3,0,55.1,23.4,0.0,2811.4893973287003
75,69.5,63,64,61.3,57,88,75.2,61,15,8.3,3,29.2,27.9,0.0,2536.6089712986
64,61.3,59,61,57.8,55,94,89.4,88,69,8.6,0,29.1,17.1,0.0,1931.7347333262005
70,61.8,55,59,56.1,52,88,81.7,68,12,5.8,0,29.2,22.5,0.0,2859.7931533116
75,67.0,52,61,55.6,48,88,67.7,53,9,5.7,0,29.3,25.0,0.0,3497.4182334168004
79,67.6,55,57,53.4,50,88,62.4,36,14,6.2,0,29.3,27.4,0.0,3027.0962529324
81,69.5,59,57,54.0,48,82,60.1,32,9,5.0,0,29.2,16.1,0.0,2486.3374417563
68,63.9,61,59,56.4,54,83,77.0,64,17,7.9,0,29.2,22.9,0.0,2817.2904023187
81,69.6,57,63,58.1,52,82,67.5,53,15,6.9,0,29.2,24.0,0.0,3615.4678319496
79,71.5,63,64,61.6,59,94,71.6,54,12,6.4,0,29.2,22.1,0.0,3100.6638643167
79,70.8,63,63,57.5,52,88,65.0,39,35,6.2,0,29.2,17.4,0.0,3849.6687585939
81,70.6,61,57,49.9,36,82,52.3,20,17,9.7,0,29.3,23.7,0.0,3963.704902076701
84,72.6,61,50,44.0,39,52,37.5,23,17,10.0,0,29.1,20.8,0.0,3951.1989311652
91,76.3,63,57,52.1,46,77,46.5,23,10,4.7,0,29.1,23.5,0.0,3761.4374128584
84,74.5,63,64,59.4,55,88,60.7,40,13,4.8,0,29.2,19.9,0.0,2608.014631167
82,72.7,66,61,55.4,50,78,56.6,32,20,13.1,0,29.3,27.4,0.0,1781.3985210549
84,72.2,61,59,55.5,52,82,58.8,33,12,6.0,0,29.3,28.6,0.0,4182.8770507887
86,74.1,61,59,54.4,48,82,53.3,29,9,4.8,0,29.2,26.7,0.0,4014.0834685578
90,77.3,63,59,54.7,46,82,48.9,22,10,2.7,0,29.2,21.6,0.0,3579.2563717152
93,80.2,66,59,54.0,48,73,44.0,21,10,4.3,0,29.2,26.0,0.0,3856.1655665214
93,81.3,68,61,56.7,52,73,45.7,24,8,2.6,0,29.2,17.1,0.0,3666.585065715
91,80.4,70,66,60.8,59,73,52.9,36,10,4.0,0,29.2,28.5,0.0,2640.4809744456
93,81.4,72,63,57.8,55,65,46.3,28,14,7.8,3,29.1,15.2,0.0,3504.3156452403
97,83.4,72,63,60.6,59,69,48.1,28,13,5.0,0,29.1,20.0,0.0,3496.8069157527
97,83.7,73,70,64.6,61,73,54.9,32,16,8.1,0,29.1,27.8,0.0,1757.7721304847
93,82.0,72,64,61.1,57,69,50.9,32,13,7.6,0,29.1,17.3,0.0,4055.7278134494
93,82.4,72,66,60.7,57,73,50.0,30,8,3.0,0,29.1,25.1,0.0,2697.4772979858
82,73.6,66,59,55.3,50,73,53.5,32,21,10.1,0,29.1,26.5,0.0,4181.4286783929
91,74.6,0,59,53.8,0,82,51.1,0,12,5.2,0,29.1,24.7,0.0,4182.4016567685
91,76.4,0,59,54.8,0,83,49.1,0,10,4.0,0,29.2,28.5,0.0,2852.6695370217
88,75.1,0,59,54.2,0,61,47.6,0,16,9.0,3,29.2,24.5,0.0,3744.4244695209
82,73.9,66,59,57.6,55,73,58.2,39,15,7.8,0,29.2,24.2,0.0,1631.1736961685
88,77.8,66,61,55.8,52,83,50.0,29,16,5.1,0,29.2,27.8,0.0,4502.3297056947
91,77.1,68,59,55.9,50,68,50.8,24,14,9.0,6,29.1,29.1,28.9,4478.214367845901
97,89.8,79,57,50.7,46,40,26.7,19,14,7.4,0,28.9,26.5,0.0,4434.0477268923005
100,88.9,75,55,49.4,45,44,27.4,15,12,4.1,0,28.9,28.2,0.0,4012.1471136285
102,89.0,75,59,54.4,46,57,33.8,15,10,3.3,0,29.0,28.9,28.9,3597.4491954786
104,91.9,77,77,56.2,52,59,31.6,18,7,3.1,0,28.9,28.2,0.0,3928.045480989301
97,88.1,81,64,59.1,54,58,38.8,25,21,11.1,0,28.9,27.3,0.0,1632.5908312527
100,87.8,72,64,57.9,50,73,39.8,21,10,6.5,3,29.0,25.3,0.0,3977.800911216
88,82.6,75,61,54.6,48,61,39.2,29,24,11.4,0,29.1,25.6,0.0,4043.6407078749
97,84.8,70,61,54.1,48,69,39.1,19,15,9.0,0,29.1,24.4,0.0,4304.969085384
100,85.8,72,72,53.4,45,100,39.1,16,35,9.6,0,29.2,25.4,0.0,3758.327912097
95,82.5,72,68,57.5,48,83,47.5,24,17,10.2,0,28.9,24.8,0.0,4687.8596141553
95,84.0,70,59,49.4,43,64,33.4,16,10,5.0,0,28.9,21.2,0.0,4737.3876999504
97,83.5,70,52,45.3,39,43,28.0,14,12,6.1,0,28.9,27.1,0.0,4521.8866047597
100,87.4,73,55,50.6,46,50,30.3,16,10,2.5,0,29.0,23.3,0.0,4142.639265048901
102,89.9,77,57,48.2,45,36,25.0,15,9,2.4,0,29.2,22.3,0.0,4097.762444724301
104,89.5,68,57,51.4,48,60,29.0,15,14,7.6,0,29.1,14.1,0.0,4241.6639841411
102,89.1,75,57,47.7,37,50,27.4,11,9,5.0,0,29.0,25.1,0.0,4187.4163420122
104,91.7,77,52,46.2,39,41,22.5,12,15,6.0,0,29.0,13.8,0.0,4227.5151200601
106,88.2,75,55,49.0,37,47,29.3,10,12,3.4,0,29.0,27.1,0.0,4334.6934440568
109,97.7,79,55,49.0,43,42,20.9,11,14,4.8,0,28.9,21.5,0.0,4379.2767116901005
111,96.3,79,59,50.7,41,47,23.9,10,21,5.0,0,28.9,28.3,0.0,3047.7478033629
97,89.1,82,59,54.9,50,45,31.8,22,18,6.7,0,29.0,28.9,28.8,3710.811295224
91,84.1,79,61,57.5,54,51,40.9,28,21,10.3,3,29.0,28.1,0.0,3943.7415591354
100,85.9,73,57,54.5,52,53,35.8,20,14,6.4,0,29.0,25.3,0.0,2945.3687231661
99,85.8,73,63,57.8,55,57,40.4,24,9,2.4,0,29.1,27.6,0.0,4289.9050701342
104,91.5,77,61,57.7,55,54,34.1,20,8,2.3,0,29.0,27.6,0.0,4296.0570655959
108,94.6,79,63,60.0,55,54,33.3,19,10,3.4,0,29.0,23.9,0.0,4181.024724624001
106,93.9,81,66,63.1,57,58,37.7,20,10,5.2,0,29.0,26.5,0.0,3964.5807230304
106,91.9,81,72,65.5,63,62,43.8,24,28,10.1,3,29.1,28.4,0.0,3845.4185023452
100,86.0,73,66,64.7,61,78,51.8,31,20,8.4,0,29.1,26.7,0.0,3793.7448524151
102,90.5,79,66,63.1,46,58,41.1,27,12,5.0,0,29.0,27.9,0.0,3170.7805746375
108,92.3,81,64,60.0,54,51,35.2,20,32,8.4,0,28.9,27.9,0.0,4719.5399819205
109,94.0,81,59,53.0,46,45,27.6,13,21,7.3,0,29.0,21.0,0.0,3811.294981593
106,94.5,82,59,50.9,36,42,25.9,9,18,8.5,0,29.0,25.7,0.0,4502.003290686001
108,96.5,82,57,49.0,39,42,22.3,10,12,6.1,0,28.9,26.2,0.0,4425.442663752
109,95.4,82,61,51.6,41,45,24.9,10,12,5.7,0,28.9,24.8,0.0,4654.3337978049
115,96.9,0,59,49.2,0,42,21.5,0,12,4.3,0,28.8,27.6,0.0,4680.3046793778
111,100.0,84,61,57.7,52,42,25.3,16,12,4.9,0,28.8,23.5,0.0,4499.0554081968
113,100.9,88,72,66.2,59,43,32.7,22,12,5.1,0,28.8,27.1,0.0,4224.4531637319005
113,100.3,86,64,61.4,57,43,28.9,17,9,4.5,0,28.8,25.9,0.0,4630.3501492413
109,97.3,86,72,66.8,59,49,37.5,27,13,7.3,0,28.8,26.8,0.0,4355.54180325
100,89.2,82,66,60.3,55,58,38.8,25,31,14.1,5,28.8,27.6,0.0,3961.8926040672
88,81.5,70,70,66.1,61,83,60.3,49,28,9.3,0,29.0,25.7,0.0,4279.0778219079
100,86.0,75,66,61.8,52,69,47.1,24,7,4.4,0,28.8,27.0,0.0,4322.032150382101
106,93.3,79,66,59.0,52,61,34.4,18,15,4.6,0,28.8,27.4,0.0,3940.686871119901
108,95.2,82,63,57.7,52,48,30.4,17,13,6.1,0,28.9,23.6,0.0,2510.8731731358
108,94.4,82,68,65.1,61,58,39.1,28,21,7.5,0,28.8,28.8,28.7,4264.0875650637
100,88.9,81,68,63.4,59,54,43.4,33,14,8.8,6,28.8,19.8,0.0,4274.4043625085005
91,81.6,68,68,64.3,59,88,56.5,43,116,13.6,5,28.9,27.1,0.0,3379.5697888656
102,88.5,75,70,64.3,55,78,48.4,24,7,3.8,0,28.9,26.6,0.0,3892.674891996
109,102.9,91,66,61.9,57,43,27.0,19,44,8.0,0,28.9,28.9,28.8,4372.7037750396
108,94.5,82,66,59.2,55,51,32.6,18,29,7.4,0,28.9,26.1,0.0,4170.5649834057
111,99.6,88,64,61.5,57,46,29.8,18,9,4.3,0,28.9,26.2,0.0,4356.3369731904
113,100.6,88,63,57.7,52,43,25.7,14,12,6.4,0,28.9,26.3,0.0,4556.0955652938
115,100.7,90,66,58.2,52,43,26.5,13,18,6.4,0,28.9,22.1,0.0,4541.6554445691
109,96.1,82,68,64.5,48,51,36.6,15,14,6.7,0,28.9,22.8,0.0,4475.3706546318
104,95.0,84,66,65.2,64,55,38.6,29,23,11.7,0,28.9,26.9,0.0,4268.5912551348
108,95.4,82,66,64.4,63,54,37.5,23,32,11.3,0,28.8,23.5,0.0,4524.067661582701
104,93.9,82,73,67.8,64,58,43.4,27,23,11.3,6,28.8,27.3,0.0,4124.1203061498
109,92.2,79,70,66.5,63,61,45.0,23,32,12.9,5,28.9,20.2,0.0,4351.0255704036
100,87.2,0,68,63.3,0,65,45.3,0,12,5.0,0,28.8,24.8,0.0,3186.2984609115
106,95.2,82,70,69.0,66,62,43.1,31,12,5.1,0,28.8,21.9,0.0,4041.7260514884
106,96.2,84,70,67.0,64,58,39.3,26,12,5.0,0,28.8,25.3,0.0,4053.5656658046
109,93.1,86,75,70.9,66,70,50.5,27,17,7.4,0,28.8,21.9,0.0,4415.438166569101
106,91.7,81,77,72.9,66,79,56.3,33,30,10.8,5,28.7,21.3,0.0,4375.9937499993
102,91.8,79,75,71.7,66,74,53.0,40,17,10.3,6,28.8,16.6,0.0,3944.788886263501
97,86.2,73,75,70.6,66,89,61.1,44,35,8.6,0,28.9,26.2,0.0,3337.8600802338
102,92.8,84,81,76.0,73,79,59.0,44,16,7.1,3,28.9,24.0,0.0,3936.4486691211
102,93.5,84,79,75.2,73,79,56.7,40,13,7.0,5,28.9,28.9,28.8,4067.0338914909
100,92.8,88,79,75.3,72,70,57.4,42,14,8.3,5,28.9,18.8,0.0,3940.3934023905
93,87.2,81,75,73.0,70,84,63.4,49,20,8.9,0,28.9,18.8,0.0,3822.8901478614
86,81.6,72,77,73.0,70,100,75.8,62,52,11.2,0,29.0,18.0,0.0,3336.2294501844003
99,88.3,77,77,74.2,73,94,65.6,47,8,3.8,0,28.9,22.4,0.0,3655.5927063579
104,94.1,84,77,74.4,72,79,54.7,35,8,3.3,0,28.8,21.3,0.0,4009.9028224959
106,96.9,88,77,74.6,72,70,50.3,33,9,6.0,0,28.8,26.7,0.0,4345.5043621836
99,91.5,0,81,76.7,0,71,60.0,0,16,8.8,0,28.9,28.2,0.0,4303.0424296332
100,92.4,86,81,77.3,73,84,62.0,50,17,9.3,5,28.9,26.9,0.0,3533.2012585089
97,88.9,81,77,74.6,73,79,64.2,50,12,6.8,3,28.9,21.5,0.0,3380.5770792354
102,94.4,84,79,77.9,75,79,59.2,47,7,4.8,0,28.9,23.7,0.0,3953.4868639728
106,96.1,90,81,78.6,77,66,57.2,43,7,2.6,0,28.8,21.4,0.0,3724.9163450235
102,91.3,82,82,76.3,72,70,61.6,50,28,10.4,3,28.7,27.8,0.0,4160.9806652205
90,83.4,79,75,73.8,72,84,73.7,62,23,11.7,5,28.8,25.6,0.0,4141.891121940001
90,84.9,79,75,74.9,73,89,73.4,62,12,6.2,0,28.8,24.7,0.0,3450.1911068295003
99,90.4,82,77,74.5,72,84,61.2,44,7,3.6,0,28.8,23.9,0.0,3944.6656107012
104,94.1,81,81,77.6,70,89,60.0,42,32,5.8,0,28.8,20.8,0.0,4345.2628416945
95,85.4,75,79,73.1,68,100,67.9,52,29,8.8,3,28.8,14.0,0.0,3626.9798219226
97,87.1,0,79,74.1,0,84,63.9,0,7,4.4,0,28.8,27.1,0.0,3360.5404476831
100,91.7,84,82,79.7,75,84,68.5,53,8,5.2,0,28.8,15.2,0.0,4105.6191914958
91,83.4,77,82,75.8,72,94,78.7,66,86,10.9,0,28.8,26.5,0.0,2624.9731203663
93,86.4,79,77,75.5,73,84,71.3,56,7,2.8,0,28.8,28.7,28.6,4158.2302245297005
99,91.3,84,79,75.5,73,74,61.0,47,9,5.2,0,28.8,27.7,0.0,3473.3568226302
97,87.8,81,81,76.7,73,89,69.9,56,18,8.8,5,28.8,22.4,0.0,2862.4417145676
99,89.3,82,82,78.3,77,84,70.5,50,9,5.9,3,28.8,28.8,28.8,4043.165411538
99,89.2,84,81,79.5,72,84,73.3,53,21,6.4,0,28.8,28.7,28.7,3979.9712426958
93,86.2,81,81,78.8,77,94,79.0,63,12,7.1,0,28.8,25.5,0.0,4058.9016023457
91,85.5,79,79,76.8,73,89,75.6,66,23,9.8,3,28.8,28.8,28.7,3850.5414895101
91,83.4,73,81,76.1,73,100,79.3,66,41,7.9,0,28.9,27.2,0.0,3368.8500422544003
93,86.0,79,79,76.8,70,89,74.6,52,9,4.2,0,28.9,22.4,0.0,3368.8394841816003
100,89.5,82,81,77.5,75,89,69.3,44,8,4.0,0,28.8,28.0,0.0,4085.4289601961
104,93.0,84,79,77.0,73,79,61.0,37,6,2.1,0,28.8,24.4,0.0,4361.9771754603
100,93.4,88,84,78.6,75,75,62.3,50,12,3.9,0,28.8,21.1,0.0,4354.8617018412
95,89.8,86,86,80.3,77,94,73.5,59,18,7.7,3,28.8,25.6,0.0,4396.2152514984
91,86.6,81,81,77.5,75,89,74.7,63,15,7.2,0,28.9,21.0,0.0,4276.6725861585
99,88.3,81,81,77.3,75,89,70.7,56,9,5.5,0,28.9,28.2,0.0,3509.8483891284
95,87.4,75,79,76.5,73,100,70.9,55,31,6.7,0,28.9,24.6,0.0,4398.934233701701
100,91.1,84,82,78.7,75,79,67.3,53,16,6.7,0,28.9,27.6,0.0,4217.1740898606
86,82.3,79,81,76.9,73,100,83.9,70,21,11.8,3,29.0,25.6,0.0,3951.6323027445
91,83.7,77,95,76.8,73,94,77.9,0,12,5.6,0,28.9,28.9,28.8,2943.1650642570003
95,87.6,82,79,78.7,77,89,74.7,59,9,5.3,3,28.9,24.8,0.0,4085.7273738567
91,83.7,0,79,75.7,0,100,74.8,0,20,8.4,3,28.9,22.4,0.0,3017.6975346507
95,89.1,81,79,77.1,73,84,67.8,59,7,3.7,0,28.9,27.5,0.0,3798.386997075
95,89.7,82,84,80.2,77,84,73.7,67,14,6.6,0,28.9,28.8,28.7,2532.5410043934003
93,85.7,81,79,76.5,75,89,75.0,59,13,8.1,0,28.8,28.1,0.0,3598.0434600561
97,87.5,0,81,76.7,0,89,68.9,0,7,5.2,0,28.8,28.2,0.0,2941.4275807653003
100,93.2,84,79,78.2,77,84,62.4,47,8,2.8,0,28.8,23.0,0.0,1744.9584074109
97,89.1,81,81,78.1,75,89,70.1,56,20,2.7,0,28.8,27.6,0.0,3934.9816763499
90,83.8,0,84,77.9,0,89,80.7,0,16,7.3,0,28.8,28.1,0.0,4280.643622153801
91,84.2,79,79,76.8,73,94,79.2,62,16,8.4,0,28.9,23.6,0.0,3603.3767501094
95,86.9,81,82,79.0,77,94,77.6,63,12,4.8,0,28.9,24.8,0.0,2322.5009736951
97,89.2,81,81,78.4,77,89,71.1,56,7,3.4,0,28.8,28.2,0.0,3189.4070569317005
88,82.2,77,79,76.2,73,94,82.8,70,17,5.8,0,28.9,28.2,0.0,3527.7804798291
86,80.9,79,77,75.4,72,94,84.2,74,12,6.4,0,28.9,25.6,0.0,3235.2939196380003
91,84.4,77,79,77.0,75,100,79.3,63,8,5.1,0,28.9,17.3,0.0,3312.5560101315
99,89.4,82,81,78.8,77,89,71.5,53,6,2.7,0,28.9,26.9,0.0,3960.58775904
97,89.7,82,81,76.6,72,84,66.1,47,30,6.1,0,28.8,20.0,0.0,4099.6908280647
100,89.4,81,75,73.3,72,79,60.8,39,10,4.2,0,28.8,22.9,0.0,3653.2083246318
93,86.2,82,81,74.4,72,79,67.9,55,16,5.1,0,28.8,22.9,0.0,4123.5842795499
97,86.2,81,81,73.5,54,94,67.3,39,18,5.9,0,28.9,28.8,28.7,4083.0775810506
95,86.0,75,77,74.6,72,83,66.9,0,8,3.6,0,28.9,28.1,0.0,3353.2269206832
99,91.2,82,79,76.9,75,84,64.0,50,8,3.6,0,28.8,24.8,0.0,3556.4775990678
97,88.3,81,79,76.4,73,84,68.5,53,17,6.5,0,28.9,24.5,0.0,3802.5422480925
97,87.1,79,77,74.8,54,89,69.3,26,14,4.6,0,28.9,24.7,0.0,3951.8741780298
97,87.8,81,81,76.5,73,79,69.7,50,14,5.3,0,28.9,27.6,0.0,3559.4390078082
97,87.3,81,77,74.7,73,79,67.5,50,7,4.6,0,29.0,28.9,28.8,3818.7282891186
93,82.2,75,79,76.4,72,100,83.0,63,23,6.4,0,28.9,21.0,0.0,3660.4071456282
77,75.1,72,77,73.5,70,100,94.7,83,12,7.0,0,29.0,28.3,0.0,3680.475922282501
95,85.8,75,77,75.5,72,94,73.2,56,7,3.0,0,29.0,28.9,28.8,3065.0278777470003
86,76.3,0,79,73.9,0,100,88.7,0,14,6.4,0,29.1,19.5,0.0,2678.2209509418
91,83.6,77,77,75.1,73,89,76.9,62,9,4.7,0,29.1,24.2,0.0,3492.977999049
91,80.5,0,79,73.6,0,100,79.3,0,16,3.9,0,29.0,28.9,28.8,3870.8372995776
93,85.1,77,77,74.8,72,94,72.8,56,8,3.8,0,28.9,28.9,28.8,4133.6013339918
100,87.5,81,79,77.2,75,89,72.2,47,7,3.6,0,28.9,24.2,0.0,3717.245911450501
93,81.7,73,77,73.8,72,100,78.4,56,26,8.5,0,28.9,26.3,0.0,3802.4661170826
93,83.6,77,73,71.0,68,83,66.5,46,8,3.6,0,28.9,28.1,0.0,3984.5176390998
99,88.6,77,77,74.2,70,89,63.9,44,8,3.4,0,28.9,25.3,0.0,3847.352250753
97,91.2,82,75,73.6,73,74,57.5,47,9,5.4,0,28.9,25.8,0.0,4089.5322995637
95,88.2,82,77,75.7,72,79,66.8,53,21,4.1,0,28.9,25.9,0.0,3927.2829454386
99,88.8,81,77,74.7,72,79,64.5,47,7,2.8,0,28.9,28.3,0.0,3782.9577175038
99,88.9,82,84,76.1,73,84,67.1,44,7,2.7,0,28.9,28.2,0.0,3792.9851618769
99,86.6,77,79,75.0,73,94,69.7,47,22,4.1,0,29.0,22.4,0.0,3903.5625503193
99,88.2,81,77,74.4,72,79,64.7,47,7,3.5,0,29.0,29.0,28.9,3913.3215916938
100,90.0,82,77,73.7,70,79,60.3,39,7,4.4,0,29.0,28.9,28.9,3765.7195764804
100,90.6,81,77,73.4,72,84,58.9,39,21,4.7,0,28.9,28.9,28.8,3802.0629363948
97,86.6,77,75,72.5,70,79,63.9,44,9,3.6,0,29.0,21.1,0.0,3651.0824743371
97,85.9,81,77,74.5,72,84,70.1,50,18,3.7,0,29.0,20.6,0.0,3628.3188947643
90,82.6,75,75,70.7,66,89,68.0,49,20,5.7,0,29.2,28.4,0.0,3225.5636854716
95,86.3,77,75,70.2,68,78,59.8,41,6,2.6,0,29.0,23.0,0.0,3706.238651415301
97,88.4,79,75,73.2,70,83,62.1,41,8,3.1,0,29.0,23.2,0.0,3813.4272650463
97,89.8,82,75,73.2,72,74,59.1,44,7,3.9,0,28.9,25.6,0.0,3828.8631025755
97,88.8,81,77,73.7,72,79,62.7,47,7,2.7,0,29.0,25.8,0.0,3721.099926555
99,89.0,81,77,74.6,72,74,63.1,50,15,3.4,0,29.0,28.3,0.0,3607.3642571208
95,88.2,81,77,75.3,73,84,66.5,55,14,3.2,0,28.9,24.6,0.0,3627.1660586733
97,86.0,0,79,73.8,0,89,66.7,0,14,5.2,0,29.0,27.0,0.0,3376.3707323379
90,80.3,77,77,72.1,68,83,76.3,66,12,5.3,0,29.1,29.0,29.0,3030.8785197075
91,82.1,73,73,71.9,70,89,71.9,52,8,5.6,0,29.0,29.0,28.9,3009.2817629061
95,86.5,77,73,72.2,70,83,63.9,44,6,3.8,0,29.0,24.6,0.0,3356.451927972
95,86.1,79,75,73.2,72,83,66.7,49,6,2.4,0,29.0,17.8,0.0,3269.8484279307004
95,86.5,79,77,74.1,72,89,67.9,47,9,4.9,0,29.0,25.9,0.0,3438.1248248952
95,86.4,81,77,74.1,72,84,68.4,49,8,4.6,0,29.1,28.3,0.0,3339.1499311467
97,86.3,79,75,73.2,54,84,67.1,31,8,4.9,0,29.0,17.0,0.0,3471.4434036744
97,87.1,79,75,74.2,73,89,67.7,47,7,3.4,0,29.0,28.2,0.0,3234.9449458854
97,87.5,81,77,74.3,72,84,66.7,44,7,2.9,0,29.0,29.0,28.9,3289.2820897662
99,90.2,79,79,72.8,70,89,59.1,39,7,2.7,0,29.1,21.8,0.0,3347.863679754
95,86.8,79,77,73.3,72,79,64.8,49,6,1.8,0,29.2,21.0,0.0,3087.8244092619
99,88.8,79,75,72.6,70,83,60.8,39,8,3.8,0,29.1,26.9,0.0,2950.2220152339
99,88.2,79,73,71.4,70,74,58.5,42,7,3.8,0,29.0,24.0,0.0,3210.2292833919
95,84.2,75,75,71.9,68,84,67.8,47,25,5.1,0,29.0,21.6,0.0,3136.239993348
95,80.8,72,77,69.3,66,94,70.5,39,12,2.7,0,29.1,27.6,0.0,2810.1746944557003
93,83.1,73,72,68.4,66,89,63.0,41,7,2.0,0,29.1,23.2,0.0,3057.0421309758
93,83.4,73,70,69.0,68,88,63.1,44,6,2.0,0,29.1,21.3,0.0,3118.9903862436
95,84.6,73,70,65.9,63,78,55.4,34,7,1.5,0,29.0,21.3,0.0,3037.5846703521
93,83.4,73,70,66.3,63,83,58.6,38,9,3.8,0,29.0,22.9,0.0,2795.0556750138003
93,83.5,72,70,65.7,63,88,57.1,36,10,2.7,0,29.0,21.6,0.0,3229.4801020185
97,83.5,72,68,64.1,61,78,54.4,32,9,2.3,0,29.0,20.7,0.0,3420.3318128892
95,81.4,72,64,59.5,48,73,51.0,20,6,1.9,0,29.1,26.5,0.0,3267.2740854006
95,79.8,66,63,59.4,54,83,52.9,25,8,1.2,0,29.1,20.1,0.0,3267.7010043282003
93,79.7,0,68,62.2,0,83,55.1,0,14,2.8,0,29.1,23.3,0.0,3226.7927487312
95,77.7,0,64,57.0,0,88,49.0,0,7,2.2,0,29.2,24.5,0.0,3263.6313236637
95,77.6,0,64,59.3,0,83,53.3,0,8,2.0,0,29.2,25.4,0.0,3046.3423308153
93,80.0,66,63,58.5,52,88,51.6,24,7,2.1,0,29.1,27.1,0.0,3217.2247921176004
93,78.3,64,61,58.5,55,88,54.3,29,8,2.3,0,29.1,28.3,0.0,2855.1182752719
90,77.6,66,64,61.9,59,83,59.5,40,7,2.5,0,29.0,21.6,0.0,2224.4339720592
90,75.9,66,66,63.2,61,88,66.3,38,8,3.3,0,29.1,24.1,0.0,2634.0601168629
91,78.1,66,66,62.1,57,83,59.7,31,6,1.2,0,29.1,27.1,0.0,2643.4789240365
91,79.3,66,64,60.9,57,88,56.0,33,9,3.1,0,29.1,24.4,0.0,2989.0827558999
91,77.4,64,63,57.6,54,83,53.7,29,107,4.6,0,29.1,22.2,0.0,2554.208309664
90,76.4,64,63,59.4,55,88,57.8,31,6,1.2,0,29.1,26.8,0.0,2728.5477089013
88,74.3,64,63,58.3,52,88,60.7,29,8,1.4,0,29.2,19.7,0.0,2654.8739213238
90,77.0,64,63,59.0,54,88,56.5,29,10,3.1,0,29.3,27.4,0.0,2473.3181687346
90,75.1,63,63,58.4,52,83,59.6,29,9,3.3,0,29.2,26.4,0.0,3054.8689471872003
86,73.2,61,61,57.0,54,88,59.9,35,7,3.0,0,29.2,26.7,0.0,2574.1192522122
84,74.3,63,63,60.8,57,83,64.0,42,6,1.8,0,29.3,25.4,0.0,2701.7047261809
82,71.0,61,63,59.6,57,88,68.9,42,3,0.6,0,29.4,25.5,0.0,2367.374539761
82,70.3,61,64,59.9,57,88,70.9,45,3,0.4,0,29.3,21.8,0.0,2426.6431583955
82,71.8,61,64,62.2,57,94,73.1,51,3,0.2,0,29.3,25.3,0.0,2552.1382325043
81,72.7,59,64,61.2,57,94,68.9,51,6,1.1,0,29.4,19.0,0.0,2481.827150385
82,72.5,59,64,61.9,57,94,70.9,48,5,0.6,0,29.2,15.4,0.0,2534.8951143153004
84,71.9,59,63,58.7,55,94,65.9,40,7,1.9,0,29.2,16.4,0.0,1736.6660565012
84,71.0,57,64,58.8,52,83,67.1,40,3,0.4,0,29.2,9.9,0.0,1697.8382346717
82,68.4,0,63,54.5,0,94,61.8,0,12,3.6,0,29.2,14.2,0.0,2024.3129484501
84,68.7,55,59,53.9,50,82,61.4,39,114,5.9,0,29.2,18.5,0.0,2586.7359030942
84,71.5,57,57,53.3,48,82,55.5,28,5,0.7,0,29.3,6.9,0.0,2562.924944448
82,70.2,55,57,52.4,48,88,56.8,30,5,0.6,0,29.2,14.6,0.0,2213.10804231
81,66.9,55,59,53.8,50,82,64.7,37,10,5.8,0,29.2,11.8,0.0,2088.0316985022
70,62.5,0,57,53.2,0,82,70.1,0,23,7.8,0,29.3,17.9,0.0,1012.6053363393
79,66.8,54,52,48.3,45,88,55.0,32,7,3.2,0,29.4,29.3,29.3,2386.0157686398
82,65.5,54,57,52.5,48,88,65.6,39,7,1.4,0,29.3,22.6,0.0,2215.1724033087003
81,65.7,52,57,51.9,48,88,64.5,36,9,2.6,0,29.3,21.8,0.0,2181.2856892002
82,66.3,50,55,50.8,46,88,60.2,35,9,3.2,0,29.4,29.3,29.3,2196.9569065653
81,62.7,0,54,47.8,0,88,60.4,0,9,2.9,0,29.4,28.6,0.0,2141.0282182608
81,64.5,50,54,47.5,43,82,58.7,28,8,2.9,0,29.3,24.8,0.0,2451.4053900138
81,65.7,50,57,50.6,46,88,62.3,32,5,1.0,0,29.2,19.2,0.0,2204.2381987296003
77,63.4,50,54,49.9,46,88,64.3,38,9,4.8,0,29.2,29.2,29.1,2009.4719523417
84,69.5,54,59,52.0,46,82,57.5,27,10,5.9,0,29.2,29.2,29.1,1706.9260832019002
81,68.4,54,55,53.7,50,88,61.9,39,7,2.1,0,29.2,24.8,0.0,1947.9302030232
81,66.5,52,55,51.2,48,88,61.9,32,6,0.7,0,29.2,9.5,0.0,2175.5887250922
81,66.2,54,57,52.4,48,88,63.4,34,9,2.9,0,29.3,29.3,29.2,1852.9583171121
82,67.5,54,54,51.4,48,88,59.1,32,12,7.3,3,29.3,29.2,29.2,2126.7055149318003
81,67.9,55,52,50.4,48,82,55.9,32,9,4.3,0,29.3,29.2,29.2,2019.3252338160005
82,67.9,54,54,49.4,41,88,54.9,23,12,3.9,0,29.3,29.2,29.2,2064.6868180257
82,66.6,50,52,44.7,34,88,51.6,17,12,2.8,0,29.2,29.2,29.1,2238.9942013164
82,64.6,50,52,47.7,45,87,58.8,28,5,0.7,0,29.3,29.2,29.2,2153.5639022106
77,62.8,50,57,51.8,46,88,69.1,47,5,1.7,0,29.3,16.1,0.0,2007.1546513821
75,64.6,50,57,54.2,48,94,70.9,50,6,1.0,0,29.4,29.3,29.3,1852.0512475212
79,63.2,48,66,46.5,39,88,56.0,0,5,1.5,0,29.4,29.3,29.2,2280.0118003542
79,62.4,46,50,45.3,39,87,57.2,24,8,1.1,0,29.4,29.3,29.1,2068.0990496793
77,63.8,48,57,51.1,45,87,65.8,38,8,1.4,0,29.4,29.4,29.3,2196.2950228197
77,62.6,48,52,46.9,43,87,60.4,29,7,1.3,0,29.3,29.3,29.2,2228.2025766759
77,62.9,50,55,50.6,45,94,66.7,41,3,0.3,0,29.4,29.3,29.3,1865.5746561045
79,63.7,48,55,51.6,46,94,67.1,41,6,1.0,0,29.3,29.3,29.2,2043.4027938192
68,57.0,48,84,54.9,48,100,80.3,0,7,2.0,0,29.3,28.6,0.0,1762.2814530816
70,57.4,52,57,54.8,52,100,92.0,64,6,3.3,0,29.3,28.5,0.0,1745.3546741466002
75,61.9,50,57,53.5,50,100,76.7,44,14,5.9,0,29.2,29.1,29.1,1041.2865754533
73,61.6,54,61,56.4,52,100,84.2,61,7,3.1,0,29.3,29.2,29.1,1722.9170493711
59,52.9,0,57,52.3,0,100,93.6,0,6,2.5,0,29.3,24.7,0.0,1582.1000723979
66,56.4,50,57,52.9,50,100,89.3,68,7,2.6,0,29.3,29.3,29.2,1734.3235124127002
66,52.1,0,55,48.5,0,100,83.1,0,6,1.7,0,29.3,27.8,0.0,2092.2141128823
72,57.5,45,54,46.0,43,94,68.8,35,9,1.9,0,29.3,29.3,29.2,2214.4208661135
73,58.3,46,50,46.3,41,87,66.7,35,6,1.0,0,29.4,24.7,0.0,1992.0033412389
72,57.7,45,52,46.0,43,100,67.7,35,9,1.8,0,29.4,17.7,0.0,2077.3009652967003
73,59.3,46,48,45.7,43,87,64.0,33,8,2.1,0,29.4,26.8,0.0,1935.1108245546
73,60.4,46,52,47.0,41,82,64.0,38,9,3.7,0,29.4,28.6,0.0,1945.1953388439
77,61.6,46,50,44.3,36,87,58.5,22,10,6.1,0,29.3,29.3,29.2,2078.3518909164
77,58.9,0,48,42.4,0,82,56.3,0,8,2.9,0,29.3,21.9,0.0,2080.0250201709
77,62.0,45,50,43.1,36,87,55.2,22,7,2.4,0,29.3,29.2,29.2,2186.2776928608
77,58.2,0,54,43.7,0,94,60.7,0,5,1.5,0,29.2,29.2,29.1,2163.6914055372
61,52.2,46,54,50.5,46,100,94.0,77,8,1.3,0,29.2,25.7,0.0,2059.8757037991
68,57.1,46,54,50.6,46,100,80.4,56,9,3.4,0,29.3,16.5,0.0,2127.651456051
73,56.2,45,50,44.8,39,93,68.3,29,10,2.9,0,29.3,29.3,29.2,2141.9515106847
75,58.8,43,50,44.4,36,93,63.7,24,6,1.1,0,29.3,28.6,0.0,1891.0754914095
72,58.8,46,52,47.2,41,87,67.2,43,6,0.7,0,29.3,29.2,29.2,2098.6165602666
66,55.3,48,55,51.6,48,100,88.2,60,6,1.6,0,29.3,17.9,0.0,1593.0669730041
63,53.6,52,54,52.1,50,100,95.0,72,8,4.5,0,29.4,29.3,29.2,1374.14957526
70,58.7,46,52,46.4,41,88,66.4,35,10,5.8,0,29.3,29.3,29.2,1528.8001185798
70,60.9,46,55,50.9,43,88,70.3,56,8,3.0,0,29.4,24.9,0.0,1774.0633474575002
73,62.2,48,54,49.3,45,87,64.6,41,6,0.8,0,29.4,24.1,0.0,839.9888985609001
68,59.8,52,57,52.8,48,88,77.7,64,5,2.0,0,29.4,29.3,29.3,496.4589453384
70,60.3,52,54,50.7,48,88,71.6,49,9,4.4,0,29.3,29.2,29.2,685.6261122744
70,58.8,52,57,51.8,46,100,79.4,53,9,4.1,0,29.3,29.2,29.1,1019.2598036973
61,55.9,50,54,51.9,45,94,86.1,77,10,4.8,0,29.2,18.3,0.0,1584.8568075087
61,55.2,50,52,48.9,46,88,80.6,68,10,5.4,0,29.2,29.1,29.1,2038.488775191
61,53.7,46,50,46.0,43,87,75.8,63,8,3.7,0,29.3,21.1,0.0,2081.4225247233003
64,54.7,45,45,36.7,30,87,54.4,28,10,5.8,0,29.3,28.0,0.0,1741.6095179868
63,51.5,41,41,37.3,34,76,60.7,37,12,3.5,0,29.3,23.1,0.0,2043.2049939576
64,50.2,37,41,34.0,25,93,58.9,22,9,2.6,0,29.3,26.7,0.0,2469.4007455161
64,50.5,36,39,33.7,30,93,56.8,28,9,2.7,0,29.3,29.3,29.2,2390.4868540509
63,51.9,37,41,36.2,32,87,58.2,32,9,2.4,0,29.4,29.3,29.2,2237.9908730553
57,50.2,39,43,39.2,34,87,67.1,48,20,7.0,0,29.4,22.2,0.0,807.3668738025
64,56.5,48,50,43.3,39,94,62.3,45,12,6.2,0,29.4,29.3,29.2,352.3995781317
57,51.5,45,52,45.5,41,100,80.6,63,8,3.6,0,29.3,21.4,0.0,2408.6390962293
57,49.3,41,46,41.8,36,87,76.0,59,8,3.6,0,29.4,20.6,0.0,2391.160641111
57,46.8,0,50,43.5,0,100,86.7,0,7,3.4,0,29.5,15.3,0.0,2165.1334696827003
63,50.4,41,45,39.9,37,87,69.8,42,12,7.0,0,29.5,21.9,0.0,2522.0891506932003
68,54.4,41,46,41.3,37,87,63.7,37,10,3.8,0,29.5,22.9,0.0,2619.3342450429
64,54.4,45,55,42.2,36,87,65.5,34,8,2.5,0,29.4,25.7,0.0,1589.6313644409
68,55.9,45,48,44.1,39,87,66.3,43,8,1.4,0,29.5,3.2,0.0,2300.7096195633003
70,58.0,43,46,42.4,37,87,59.7,31,6,1.9,0,29.4,15.7,0.0,1915.4208120102
63,56.0,50,54,48.4,45,88,77.1,55,12,5.8,0,29.4,22.2,0.0,807.1222463964
59,55.3,54,57,50.6,45,100,85.1,72,21,6.8,0,29.4,16.1,0.0,1648.6369118208002
61,54.9,0,59,51.9,0,100,87.3,0,15,6.9,0,29.3,19.8,0.0,1033.5447684936
63,54.8,0,54,49.4,0,94,80.8,0,9,4.3,0,29.4,12.4,0.0,2140.2195684606004
68,57.7,46,54,50.1,43,88,75.9,56,7,2.3,0,29.4,25.0,0.0,2489.517414648
68,60.0,52,52,49.4,48,88,69.6,49,8,3.5,0,29.3,14.3,0.0,2186.7435200160003
66,55.0,0,54,48.7,0,94,77.9,0,12,2.5,0,29.2,10.7,0.0,2376.1694773476
70,57.2,48,54,48.4,45,94,74.2,46,10,4.1,0,29.3,21.0,0.0,2210.4490882914
73,57.2,45,50,45.6,43,93,68.7,35,8,3.6,0,29.3,25.6,0.0,2314.4864093703
70,59.1,0,52,48.1,0,87,65.8,0,7,1.7,0,29.4,25.0,0.0,1882.1076811713
68,58.3,50,55,50.4,48,94,76.4,52,7,1.2,0,29.4,24.6,0.0,1822.7388801996
68,59.7,50,59,53.5,48,94,81.0,68,21,12.0,0,29.2,29.1,29.0,844.9487733456001
72,61.6,54,59,50.6,43,94,69.9,35,13,7.5,0,29.2,10.2,0.0,3079.3991051736
68,56.9,46,48,46.0,43,93,69.2,46,8,2.6,0,29.3,24.2,0.0,3046.6119771252
70,57.5,46,46,44.6,41,87,64.4,35,8,3.4,0,29.3,25.2,0.0,2451.1812590034
72,59.9,50,50,46.1,41,87,63.7,33,7,2.5,0,29.3,27.7,0.0,2917.7167683015
70,58.4,46,50,47.0,43,94,68.1,43,9,3.2,0,29.3,19.5,0.0,3019.6958293953003
73,60.5,48,48,40.2,28,87,53.4,19,9,4.6,0,29.3,24.8,0.0,3067.2122331510004
75,61.0,46,46,40.3,30,87,52.0,19,8,1.9,0,0.0,0.0,0.0,3134.3729015412
75,60.9,46,50,43.3,37,82,56.6,25,7,1.2,0,29.4,19.6,0.0,2720.5642943325
75,58.0,46,52,44.5,39,87,64.4,27,12,2.1,0,29.5,25.2,0.0,2965.9474190610003
75,62.7,50,52,46.8,41,88,60.0,31,9,3.2,0,29.4,10.8,0.0,2376.9297501741003
79,65.8,52,54,47.1,41,88,56.0,26,8,3.0,0,29.4,5.7,0.0,2670.0214383711
77,68.4,59,54,47.4,39,77,50.8,26,13,6.1,0,29.4,7.3,0.0,1463.7064533201
81,69.0,57,54,50.2,45,77,53.9,28,12,6.2,0,29.3,3.9,0.0,2688.2046657576
82,71.1,59,55,52.6,48,82,53.7,32,9,3.6,0,29.3,14.6,0.0,2426.7301611102
82,71.8,63,63,58.3,54,83,63.7,45,13,5.5,0,29.3,14.6,0.0,2581.5548297583
77,68.0,61,61,57.7,54,88,70.6,53,12,5.5,0,29.0,16.7,0.0,3118.4789629851
77,65.8,55,55,44.4,32,82,52.2,19,8,4.5,0,29.1,21.1,0.0,3268.7446045716
77,64.4,50,50,46.2,39,87,55.0,27,13,4.3,0,29.2,20.0,0.0,3240.7029013986003
77,62.9,50,48,42.9,34,82,52.9,21,13,4.8,0,29.3,13.5,0.0,3206.4326308179
79,61.9,52,52,46.1,34,82,59.9,21,77,9.9,0,29.3,27.6,0.0,3237.55822071
79,66.2,55,52,44.4,37,82,49.8,23,13,4.4,0,29.3,28.5,0.0,3215.1909368403
81,67.8,54,48,37.5,25,67,37.8,13,13,5.0,0,29.2,24.1,0.0,3333.1956623658
84,69.9,55,50,44.6,36,77,44.6,19,8,3.2,0,29.3,21.0,0.0,3003.5117233044
73,62.9,0,55,48.0,0,77,57.1,0,14,5.1,0,29.3,23.4,0.0,3003.2336578266
81,67.5,57,54,51.3,48,77,57.4,34,10,5.3,0,29.2,18.4,0.0,3546.8497213182004
81,70.5,57,54,48.9,43,88,49.0,28,9,3.1,0,29.3,25.8,0.0,3334.0693892814
79,67.0,55,50,43.8,34,77,47.5,21,10,3.0,0,29.1,12.6,0.0,2825.969896431
79,66.9,55,52,46.9,45,72,50.5,34,35,5.3,0,29.2,13.2,0.0,3441.2832015012
79,65.5,0,46,37.2,0,77,38.5,0,14,6.2,0,29.2,7.6,0.0,3288.5014146336
82,68.5,54,50,46.1,41,77,47.8,23,10,3.2,0,29.2,23.7,0.0,1801.0889081064
68,64.2,59,55,53.0,50,77,67.2,56,12,6.8,0,29.2,9.1,0.0,2409.5343531105
73,62.4,54,63,50.8,46,83,67.8,38,17,6.2,0,29.1,24.4,0.0,3558.2873157117
63,58.1,52,54,50.6,46,94,76.8,67,20,8.5,0,29.1,24.3,0.0,3175.8807853674
73,57.6,50,55,49.8,48,94,78.1,43,22,6.6,0,29.1,29.0,28.9,3546.4225150035
66,57.3,46,50,47.1,41,94,69.9,56,12,3.9,0,29.2,24.0,0.0,3384.0636563745
72,59.4,46,46,40.8,28,87,55.2,21,10,4.3,0,29.3,25.2,0.0,3285.9969066243
73,61.2,46,46,43.0,37,87,55.8,29,9,3.4,0,29.3,25.3,0.0,3734.1089831232
77,64.8,50,52,46.6,41,87,55.3,29,9,2.7,0,29.3,28.6,0.0,2915.9351189991003
70,59.9,52,50,47.4,46,88,65.7,43,10,4.0,0,29.3,22.3,0.0,2841.1486372863
79,63.5,54,52,47.9,43,77,59.2,29,9,5.4,0,29.2,21.1,0.0,3654.4808147067
81,67.7,54,54,49.3,43,94,55.4,26,8,2.0,0,29.2,21.5,0.0,3509.3120567373003
82,69.6,55,55,50.1,46,88,53.8,28,9,3.3,0,29.2,21.3,0.0,3426.6426667704
86,71.9,0,55,48.5,0,77,45.7,0,9,3.8,0,29.2,5.2,0.0,3476.3443031196
86,74.0,61,59,53.7,50,77,52.1,29,13,4.9,0,29.2,28.5,0.0,3693.8307412512
88,76.4,64,61,58.0,55,77,54.6,33,9,4.2,0,29.2,29.2,29.1,3430.7699357151
90,76.0,64,61,57.0,54,77,54.6,29,13,4.6,0,29.2,29.1,29.1,3092.8054165272
90,76.0,64,61,55.9,52,73,52.1,27,15,7.3,0,29.2,21.7,0.0,2999.0172386592
91,76.8,64,61,56.5,46,77,52.7,22,15,5.1,0,29.2,26.7,0.0,3518.4356385156
90,78.6,64,59,51.8,45,83,43.9,22,13,4.8,0,29.2,29.1,29.1,3202.4852512785
93,82.0,66,57,53.0,48,68,39.7,21,14,6.5,0,29.2,25.6,0.0,3610.732931932501
97,83.9,70,59,52.9,46,60,37.2,18,10,4.9,0,29.2,19.4,0.0,3353.5307067075
95,81.2,70,63,58.2,52,73,48.4,23,12,4.7,0,29.2,29.1,29.0,3378.8534025213003
97,84.3,75,64,60.2,54,69,46.3,25,14,7.5,3,29.1,13.3,0.0,3269.0919415572
97,85.9,72,61,55.5,50,65,37.9,22,12,6.1,0,29.1,29.1,29.0,3596.7402515781
99,87.2,73,66,60.7,55,69,43.8,24,6,3.4,0,29.1,22.3,0.0,3592.1514225069
95,83.3,72,64,60.6,55,69,48.2,30,14,4.6,0,29.1,23.9,0.0,3570.1720206174
99,85.0,72,59,50.3,39,61,34.5,13,13,4.8,0,29.0,9.1,0.0,3924.3052486341
99,88.2,72,57,50.3,45,57,29.6,16,9,4.8,0,29.0,23.0,0.0,3589.4277115389
90,78.1,70,59,57.3,55,68,50.3,31,15,8.8,3,29.0,12.7,0.0,3522.2714057916005
84,74.5,68,63,61.5,59,83,64.7,45,25,12.3,5,28.9,25.9,0.0,3463.4428971417
81,72.7,64,64,60.3,57,83,66.1,47,18,9.6,0,29.0,27.4,0.0,4229.9370784935
86,73.7,64,59,56.0,54,78,56.2,33,62,9.1,0,29.1,29.0,29.0,4306.4029746243
86,73.9,63,57,51.6,45,77,48.9,25,14,8.8,0,29.2,23.9,0.0,4482.4370698899
88,75.6,59,50,39.4,27,67,31.7,12,25,8.5,0,29.2,29.2,29.1,4485.8204037306
93,75.3,0,52,39.6,0,56,28.8,0,17,8.4,0,29.2,29.1,29.0,4386.1006115487
97,82.3,66,54,43.0,30,56,29.0,10,17,7.3,0,29.1,19.4,0.0,4289.0948628462
100,83.4,68,57,48.8,37,60,35.0,12,15,5.9,0,29.0,22.8,0.0,4145.5571103045
104,82.6,0,59,52.8,0,61,38.3,0,8,1.6,0,29.1,29.0,29.0,4224.517397199
104,89.2,70,59,51.3,37,64,32.5,10,12,2.7,0,29.0,28.2,0.0,3911.2328399265
106,91.4,73,57,50.1,41,53,27.7,11,13,5.2,0,29.0,26.1,0.0,4057.6196379708
109,94.6,75,57,49.2,41,53,24.4,10,10,3.7,0,28.9,22.0,0.0,4201.4866318029
109,94.3,79,59,51.3,41,51,26.1,10,9,2.5,0,29.0,28.9,28.9,4169.5514456607
113,92.6,0,81,54.9,0,61,28.9,0,9,3.2,0,28.9,28.9,28.8,4155.2342672643
109,94.7,81,59,52.9,45,45,26.6,11,13,4.3,0,28.9,28.8,28.8,4150.4130679176005
109,93.6,79,59,55.0,48,47,29.4,13,13,5.8,0,28.8,21.6,0.0,3947.4902713158
106,92.8,82,66,62.2,57,51,36.9,26,36,15.1,3,28.9,28.8,28.8,3969.710147601
90,80.6,75,73,64.9,57,83,59.9,33,28,13.6,0,29.1,26.2,0.0,2919.4247276964
95,79.2,72,70,62.8,54,88,59.5,28,21,10.1,0,29.0,24.4,0.0,3852.0777541158
95,80.3,66,64,58.0,50,88,51.9,23,13,4.7,0,29.0,18.9,0.0,4182.1116207849
97,80.8,70,57,54.5,45,64,42.6,17,14,5.9,0,29.0,29.0,28.9,4096.3669516638
102,84.8,72,59,52.8,45,64,37.0,15,22,4.7,0,29.0,28.1,0.0,4001.4308887344
100,90.1,73,54,48.6,41,50,25.7,13,12,6.0,0,29.1,21.6,0.0,3701.4565491288
102,88.7,73,61,54.3,46,61,32.9,15,8,4.7,0,29.0,19.6,0.0,3960.4263276402
93,84.2,75,55,53.0,50,47,34.9,23,26,13.9,0,29.3,27.3,0.0,3623.0380232904
99,84.3,73,84,54.0,48,65,35.7,0,18,7.9,0,29.1,13.7,0.0,4297.0956288876005
